method,horizon,n_origins,MAE_kw,RMSE_kw,skill_vs_persistence
persistence,12,1011291,5.4683811357714776,16.244176966541264,0.0
ar24,12,1011291,4.863028408380554,14.680481489472239,0.11070053684279646
graphwavenet,12,1011291,4.283793086450263,13.723092129082271,0.21662499740045882
persistence,24,1009050,7.691369673904846,21.14665359401388,0.0
ar24,24,1009050,6.433528974295077,17.807850047752275,0.1635392333146266
graphwavenet,24,1009050,5.882464462632116,17.19183414694114,0.2351863566524378
