method,target,horizon,n_origins,MAE,RMSE,skill_vs_persistence
graphwavenet,WVHT,12,1075089,0.2494860288730076,0.40541619359778924,0.15786264932832472
graphwavenet,WVHT,24,1072530,0.34695892012827895,0.5536370594295156,0.16571630232731338
graphwavenet,APD,12,1011401,0.6069934936335664,0.8486854456277174,0.16108429075618014
graphwavenet,APD,24,1009150,0.744820833088119,1.0307341381254602,0.15725597725098417
