up,dn,up_id,dn_id,basin,dist_km,coupling,obs_lag_h,pred_lag_h,Tp,cg_ms
0,1,42002,42012,Gulf,763.4203895693574,0.4753513853551676,3,46.40323,5.854016,4.569967
2,0,42019,42002,Gulf,267.2221614289043,0.7722158410737868,7,15.170489,6.2677436,4.8929453
0,3,42002,42036,Gulf,959.582104291314,0.47683566141240513,11,58.699352,5.816841,4.540946
0,4,42002,42040,Gulf,655.3110543110839,0.577754578367665,3,39.056824,5.970201,4.660667
0,5,42002,42055,Gulf,424.99117857567865,0.7370892395087464,7,23.909082,6.3249254,4.9375844
0,6,42002,42084,Gulf,529.2777190628655,0.5793767036225921,2,32.05109,5.875965,4.5871015
0,7,42002,42095,Gulf,1200.52228041197,0.27086634453431024,14,72.941795,5.8564186,4.5718427
0,8,42002,42097,Gulf,1013.6086071642009,0.4067666364168846,19,62.031513,5.8142843,4.53895
0,9,42002,42098,Gulf,1092.0009921810702,0.36643947933668397,17,71.19386,5.457815,4.2606707
0,10,42002,42099,Gulf,957.1383139130111,0.47922148478261734,14,58.286224,5.843151,4.5614853
2,1,42019,42012,Gulf,794.8580567828734,0.4750768189961027,13,48.466248,5.835641,4.555622
1,3,42012,42036,Gulf,342.31563864004426,0.5830500896561335,6,22.708918,5.363752,4.1872396
1,4,42012,42040,Gulf,115.89134278308558,0.8764265261754343,1,7.4806485,5.5125194,4.3033757
1,5,42012,42055,Gulf,1097.233667724776,0.2897977405533468,6,66.11365,5.9053593,4.6100483
1,6,42012,42084,Gulf,235.64819922561676,0.7797527999252164,0,15.583284,5.3807583,4.2005157
7,1,42095,42012,Gulf,836.0532800200858,0.35472613597877434,3,55.264687,5.3830023,4.2022676
1,8,42012,42097,Gulf,617.2099238594811,0.32132337201975675,11,41.413044,5.3031526,4.1399326
1,9,42012,42098,Gulf,526.9222368048961,0.359768205181092,14,37.721375,4.9704685,3.8802214
1,10,42012,42099,Gulf,438.7756635066372,0.4809029074234062,10,29.03555,5.3771334,4.197686
2,3,42019,42036,Gulf,1063.7213717742748,0.3415950324844498,21,65.25141,5.8006454,4.528303
2,4,42019,42040,Gulf,708.7641215555575,0.524788596950796,12,42.388794,5.949617,4.6445985
2,5,42019,42055,Gulf,653.2387142783437,0.5512574535983695,16,36.915966,6.296454,4.915358
2,6,42019,42084,Gulf,569.4314384034574,0.5509979825531448,10,34.596462,5.8566346,4.572011
2,7,42019,42095,Gulf,1389.6114654012001,0.2236924434650692,20,84.69066,5.838432,4.5578012
2,8,42019,42097,Gulf,1185.1623756543313,0.2409997475699331,29,72.75606,5.796249,4.524871
2,9,42019,42098,Gulf,1221.417645789752,0.20938182961111584,29,79.738075,5.4505053,4.2549644
2,10,42019,42099,Gulf,1091.7353695384932,0.31682773267043984,24,66.68075,5.825795,4.5479364
4,3,42040,42036,Gulf,371.8482966593554,0.6751380622846453,6,24.06195,5.498868,4.292719
5,3,42055,42036,Gulf,1196.0616015295182,0.4109254642187486,3,72.54536,5.866543,4.5797462
6,3,42084,42036,Gulf,504.39034630141646,0.5440279483886535,9,33.385418,5.3758645,4.1966953
7,3,42095,42036,Gulf,520.455960323367,0.3667233758060313,3,34.434086,5.378161,4.198488
3,8,42036,42097,Gulf,322.1066543839339,0.7002583724120982,3,21.609118,5.30397,4.1405706
3,9,42036,42098,Gulf,184.65776795389004,0.8050239175144553,3,13.156074,4.9943576,3.8988705
3,10,42036,42099,Gulf,129.63624585536874,0.8969960020583421,2,8.585513,5.3727736,4.1942825
4,5,42040,42055,Gulf,981.5099878771769,0.40620260931541263,6,58.074528,6.0137777,4.694686
6,4,42084,42040,Gulf,139.33539013102617,0.8263097568579764,1,8.969017,5.527833,4.3153305
7,4,42095,42040,Gulf,819.4424285774534,0.35368305676621614,2,52.788513,5.523538,4.311978
4,8,42040,42097,Gulf,596.7219005049724,0.4520350200028923,12,38.90454,5.4577045,4.2605844
4,9,42040,42098,Gulf,549.1930053884049,0.4550544008469685,12,38.10302,5.1286607,4.0037146
4,10,42040,42099,Gulf,439.35265388768033,0.6055876882163511,9,28.343512,5.515666,4.3058324
6,5,42084,42055,Gulf,883.0754060344779,0.3694573863204701,8,53.01404,5.9271407,4.627052
5,7,42055,42095,Gulf,1265.3456774997148,0.26356129219455665,14,76.22964,5.906411,4.6108694
5,8,42055,42097,Gulf,1133.9706900560686,0.3854959319334522,13,68.74062,5.869847,4.582325
5,9,42055,42098,Gulf,1279.6038400527416,0.36380642363908083,9,82.38783,5.526508,4.3142962
5,10,42055,42099,Gulf,1149.4090338388771,0.4265386187164112,6,69.402626,5.8930078,4.600406
7,6,42095,42084,Gulf,917.045232057563,0.25788075198234756,2,60.47125,5.3961024,4.2124944
6,8,42084,42097,Gulf,695.4917336611276,0.3338096558397508,17,46.55666,5.3155537,4.149614
6,9,42084,42098,Gulf,675.7976935476644,0.3818278586297221,18,48.33168,4.9753447,3.8840277
6,10,42084,42099,Gulf,557.2347970701333,0.46010096666069694,12,36.787178,5.3898926,4.2076464
7,8,42095,42097,Gulf,222.8007170807336,0.645080329691631,1,14.899077,5.321028,4.1538873
7,9,42095,42098,Gulf,366.7803332428198,0.3430196693111142,5,26.125803,4.9954515,3.8997242
7,10,42095,42099,Gulf,400.60397784780025,0.39008830894442226,1,26.438242,5.3916416,4.209012
9,8,42098,42097,Gulf,221.68021860931267,0.7329440076046063,2,16.128601,4.8906727,3.817928
10,8,42099,42097,Gulf,193.38260067178692,0.8247178569824173,2,12.944078,5.315995,4.149958
9,10,42098,42099,Gulf,135.20950856632402,0.8226344294226304,0,9.629688,4.9961257,3.9002504
11,12,41120,44008,Mid-Atlantic,786.9492623646845,0.4759843249171859,16,34.292927,8.165458,6.3744054
11,13,41120,44009,Mid-Atlantic,359.9310458892738,0.6300925786977203,3,16.080847,7.9643207,6.2173867
11,14,41120,44014,Mid-Atlantic,154.9006841676716,0.8540401431335457,2,6.8524547,8.043509,6.2792053
11,15,41120,44025,Mid-Atlantic,586.0483456877906,0.41470699861975835,8,26.841434,7.7690177,6.0649223
16,11,44056,41120,Mid-Atlantic,111.674246068919,0.8234269142585131,1,4.671626,8.5059595,6.6402197
17,11,44062,41120,Mid-Atlantic,380.22502450589457,0.3262553643925098,6,22.163494,6.104369,4.7654066
18,11,44063,41120,Mid-Atlantic,424.677058942127,0.22994690190210845,7,26.644058,5.671485,4.427473
11,19,41120,44065,Mid-Atlantic,584.9647171992664,0.43886615201128715,7,26.621017,7.8188586,6.103831
20,11,44072,41120,Mid-Atlantic,233.2786244677565,0.4230503880890566,4,12.425317,6.680452,5.215128
11,21,41120,44086,Mid-Atlantic,83.52714351360038,0.8973577710959618,0,3.5797887,8.302494,6.481384
22,11,44087,41120,Mid-Atlantic,212.45429154692667,0.6731118723784061,3,10.558526,7.159795,5.5893292
11,23,41120,44088,Mid-Atlantic,155.82003754107504,0.8469021093698998,2,6.8728485,8.067238,6.29773
11,24,41120,44089,Mid-Atlantic,277.78792324760326,0.7066698817220325,1,12.10582,8.165026,6.3740683
11,25,41120,44091,Mid-Atlantic,519.4131110414689,0.48805849620343983,6,23.34027,7.918545,6.181652
27,11,44099,41120,Mid-Atlantic,188.38739986772282,0.7972234965533147,1,8.31874,8.0581,6.290596
11,28,41120,44100,Mid-Atlantic,114.50742771171006,0.8597591821536776,0,4.9250584,8.272954,6.458323
13,12,44009,44008,Mid-Atlantic,518.7924671706678,0.6890314216507634,10,23.04238,8.011332,6.254086
14,12,44014,44008,Mid-Atlantic,650.4939332032696,0.5969281652160624,11,28.60467,8.091791,6.3168974
15,12,44025,44008,Mid-Atlantic,333.1910826531631,0.7781839336591664,8,15.160465,7.8202243,6.104897
16,12,44056,44008,Mid-Atlantic,738.5119325728818,0.340477393851256,12,30.734743,8.550003,6.6746025
17,12,44062,44008,Mid-Atlantic,650.8639566778658,0.34849689765271974,16,37.572002,6.1640224,4.811975
18,12,44063,44008,Mid-Atlantic,638.2744821544577,0.2667435350353259,21,39.61168,5.7335367,4.475914
19,12,44065,44008,Mid-Atlantic,376.62424116953673,0.7042560981874889,10,17.038939,7.865097,6.139928
20,12,44072,44008,Mid-Atlantic,709.0825704665142,0.3120446122973558,13,37.45197,6.736906,5.259199
21,12,44086,44008,Mid-Atlantic,734.6660408486746,0.46015992719084503,13,31.322514,8.345872,6.515247
22,12,44087,44008,Mid-Atlantic,708.8822802488565,0.4331164969958923,13,34.95463,7.2161856,5.633352
23,12,44088,44008,Mid-Atlantic,649.9356339333204,0.5989479118774892,10,28.510756,8.111477,6.3322654
24,12,44089,44008,Mid-Atlantic,605.8649974943461,0.575789402083192,14,26.259367,8.209751,6.408983
25,12,44091,44008,Mid-Atlantic,392.21696632869384,0.737953634792076,9,17.523918,7.9640417,6.217169
26,12,44095,44008,Mid-Atlantic,748.9237042607253,0.46511430644494545,13,32.22247,8.270222,6.4561896
27,12,44099,44008,Mid-Atlantic,688.0844998592235,0.5016245704724613,14,30.214794,8.103273,6.325861
28,12,44100,44008,Mid-Atlantic,726.221569160009,0.4687896530203673,12,31.062487,8.319003,6.4942713
13,14,44009,44014,Mid-Atlantic,206.88436791116493,0.797692051479673,1,9.33309,7.8875217,6.1574335
13,15,44009,44025,Mid-Atlantic,238.69863630697398,0.7780726119389971,2,11.159117,7.611294,5.9417944
13,16,44009,44056,Mid-Atlantic,267.04747639498424,0.622429588393594,0,11.377485,8.351809,6.5198812
17,13,44062,44009,Mid-Atlantic,150.29966196299978,0.4923544703660769,4,8.962324,5.9672704,4.6583796
18,13,44063,44009,Mid-Atlantic,162.29913610842635,0.37498908275128234,6,10.424859,5.539676,4.324576
13,19,44009,44065,Mid-Atlantic,228.5989262760909,0.7766600313609524,1,10.598164,7.6750627,5.9915757
20,13,44072,44009,Mid-Atlantic,196.73621915581657,0.4741889048839982,2,10.709459,6.536648,5.102867
13,21,44009,44086,Mid-Atlantic,280.93929140465116,0.697342018145589,0,12.256932,8.155847,6.3669024
22,13,44087,44009,Mid-Atlantic,201.95353186146224,0.6823924653842809,2,10.260491,7.0036054,5.467399
13,23,44009,44088,Mid-Atlantic,205.89651211828527,0.8036501698483782,1,9.246224,7.9236073,6.1856036
24,13,44089,44009,Mid-Atlantic,95.89137348595852,0.8939571561058951,2,4.2558427,8.017378,6.258806
13,25,44009,44091,Mid-Atlantic,166.20247297646497,0.8586705250046512,1,7.606736,7.774589,6.069272
26,13,44095,44009,Mid-Atlantic,306.60114742169503,0.674134233057125,1,13.50064,8.080864,6.308367
27,13,44099,44009,Mid-Atlantic,194.2346577063372,0.7989409214635335,1,8.735656,7.911695,6.1763043
13,28,44009,44100,Mid-Atlantic,257.57704048539665,0.7197791429594562,0,11.289857,8.118151,6.337475
14,15,44014,44025,Mid-Atlantic,431.4074957570615,0.5541280021680436,2,19.98132,7.682488,5.9973726
16,14,44056,44014,Mid-Atlantic,90.38063264009435,0.8317255546311921,1,3.8099713,8.440964,6.5894804
17,14,44062,44014,Mid-Atlantic,257.8594705407628,0.43475619573202295,6,15.343669,5.9798765,4.6682205
18,14,44063,44014,Mid-Atlantic,298.16083017272956,0.2899791797832896,9,19.162622,5.5364842,4.322084
14,19,44014,44065,Mid-Atlantic,430.1548987909238,0.5562815642895773,1,19.771362,7.7415266,6.043462
20,14,44072,44014,Mid-Atlantic,143.40935947306977,0.5192724611237709,4,7.7672024,6.5697865,5.1287365
14,21,44014,44086,Mid-Atlantic,84.96845623889746,0.9075989680556161,0,3.671007,8.235896,6.4293933
22,14,44087,44014,Mid-Atlantic,124.97488316770703,0.7723052261330912,3,6.302753,7.0555496,5.50795
24,14,44089,44014,Mid-Atlantic,135.30049716625518,0.817649447842394,2,5.947648,8.094545,6.3190475
14,25,44014,44091,Mid-Atlantic,364.52095594164956,0.6309514288266973,1,16.536348,7.8437047,6.1232276
26,14,44095,44014,Mid-Atlantic,104.66307160053682,0.8982389687266313,1,4.564765,8.158558,6.369019
27,14,44099,44014,Mid-Atlantic,86.13520974815012,0.895960178303731,2,3.838087,7.9855394,6.233951
16,15,44056,44025,Mid-Atlantic,502.7236591491686,0.3307668435351181,10,21.840193,8.190515,6.393966
17,15,44062,44025,Mid-Atlantic,336.56953474598066,0.3934969658674676,5,21.402504,5.5956244,4.3682523
18,15,44063,44025,Mid-Atlantic,315.1644626267184,0.3432531425404821,10,21.859922,5.130114,4.004849
20,15,44072,44025,Mid-Atlantic,432.8767989793346,0.3184106813047991,2,24.784267,6.2147923,4.8516088
21,15,44086,44025,Mid-Atlantic,512.4528131721249,0.4261899047187289,4,22.83085,7.986751,6.234897
22,15,44087,44025,Mid-Atlantic,439.94246860406685,0.4297341411504998,3,23.338871,6.707402,5.2361674
23,15,44088,44025,Mid-Atlantic,430.520477223768,0.5677012414810554,1,19.79518,7.738783,6.04132
24,15,44089,44025,Mid-Atlantic,334.5062581155564,0.6816939772055515,6,15.191083,7.835268,6.116641
26,15,44095,44025,Mid-Atlantic,535.5991366428522,0.42198199436725836,4,24.103767,7.906664,6.1723766
27,15,44099,44025,Mid-Atlantic,432.6016129257177,0.5218378426737466,5,19.933935,7.722065,6.028269
28,15,44100,44025,Mid-Atlantic,492.3896667154932,0.43363173363198787,3,22.077923,7.93577,6.1950984
17,16,44062,44056,Mid-Atlantic,269.1954735968152,0.3612722994757642,6,14.518143,6.597738,5.150557
18,16,44063,44056,Mid-Atlantic,313.9626277554183,0.21395019944409624,7,18.061928,6.185178,4.8284903
16,19,44056,44065,Mid-Atlantic,495.6062985102526,0.34448476620121243,11,21.504738,8.200514,6.401772
20,16,44072,44056,Mid-Atlantic,121.69937101079832,0.5163414949179169,3,6.0592513,7.146736,5.579135
22,16,44087,44056,Mid-Atlantic,100.78845699472491,0.7638773124905167,2,4.703817,7.6242785,5.951931
16,23,44056,44088,Mid-Atlantic,90.72249714693565,0.8339847988369159,1,3.828319,8.432284,6.582705
16,24,44056,44089,Mid-Atlantic,176.43558832680282,0.6994803509697194,0,7.3567343,8.533741,6.6619077
16,25,44056,44091,Mid-Atlantic,432.1886909036993,0.40318886499993517,2,18.54158,8.294019,6.474767
17,19,44062,44065,Mid-Atlantic,307.9984109343565,0.3927656524857339,3,18.669125,5.8703346,4.582706
17,20,44062,44072,Mid-Atlantic,151.23551591083267,0.49721180645658725,2,12.311885,4.3708673,3.4121392
17,21,44062,44086,Mid-Atlantic,297.3981071762855,0.38406075768532927,7,16.422352,6.443787,5.0303745
17,22,44062,44087,Mid-Atlantic,170.10389836298305,0.5587164513797193,2,12.591815,4.806891,3.7525234
17,23,44062,44088,Mid-Atlantic,256.9174935910107,0.43965790188158943,6,14.770935,6.1890507,4.8315134
17,24,44062,44089,Mid-Atlantic,130.36770927446148,0.44901132452671194,3,7.4152374,6.255807,4.883627
17,25,44062,44091,Mid-Atlantic,265.1656735995196,0.45846888731270313,3,15.737629,5.995375,4.68032
17,26,44062,44095,Mid-Atlantic,326.4864228342187,0.3793628373904532,7,18.26249,6.3612657,4.965954
17,27,44062,44099,Mid-Atlantic,192.3764377745214,0.4827139379162136,4,11.152992,6.1376033,4.791351
17,28,44062,44100,Mid-Atlantic,265.7439469162979,0.39732987544621423,6,15.027965,6.2921863,4.9120264
18,19,44063,44065,Mid-Atlantic,282.27986148636205,0.37206446647546126,7,18.413034,5.4549766,4.258455
18,20,44063,44072,Mid-Atlantic,196.5718145148307,0.319577606030786,2,18.00076,3.8856955,3.0333877
18,21,44063,44086,Mid-Atlantic,341.59119469539456,0.24498540516319356,8,20.109432,6.0442886,4.7185044
18,22,44063,44087,Mid-Atlantic,215.3156357054876,0.3253716308083426,3,17.787893,4.307144,3.3623936
18,23,44063,44088,Mid-Atlantic,297.1927929159321,0.2948901278234832,10,18.272757,5.7872543,4.517849
18,24,44063,44089,Mid-Atlantic,166.13054443782954,0.369584621782808,5,10.111543,5.846156,4.5638313
18,25,44063,44091,Mid-Atlantic,247.23008271990304,0.37009306443288154,7,15.751849,5.5848064,4.359807
18,26,44063,44095,Mid-Atlantic,370.6733669602046,0.249762308896773,8,22.126547,5.960958,4.653452
18,27,44063,44099,Mid-Atlantic,236.45704398228816,0.32008978870093285,6,14.692997,5.726381,4.470328
18,28,44063,44100,Mid-Atlantic,310.17113652889003,0.2554538824785746,9,18.816772,5.8653584,4.5788217
20,19,44072,44065,Mid-Atlantic,416.415477062927,0.2856934361650762,2,23.065718,6.423892,5.0148435
21,19,44086,44065,Mid-Atlantic,508.2947280937177,0.4373248324498871,5,22.567587,8.014359,6.25645
22,19,44087,44065,Mid-Atlantic,425.4932090783511,0.41111779757323225,2,22.029945,6.8725452,5.3650866
23,19,44088,44065,Mid-Atlantic,429.2196991177829,0.5625430793258419,1,19.610138,7.7882037,6.0799003
24,19,44089,44065,Mid-Atlantic,322.49880795601615,0.704638336306046,4,14.568263,7.8769603,6.149189
26,19,44095,44065,Mid-Atlantic,532.9069241075567,0.4296171331161165,5,23.877949,7.9413204,6.1994314
27,19,44099,44065,Mid-Atlantic,422.1410125669197,0.5310622135583875,5,19.32208,7.7739544,6.0687766
28,19,44100,44065,Mid-Atlantic,485.97893830605074,0.44396658090777064,4,21.697754,7.969682,6.2215724
20,21,44072,44086,Mid-Atlantic,153.27731241680095,0.5146659959288932,4,7.818299,6.97596,5.445818
20,23,44072,44088,Mid-Atlantic,142.78343715145544,0.5258532710059685,5,7.555344,6.72453,5.249538
20,24,44072,44089,Mid-Atlantic,103.4566704923932,0.48629591014781237,1,5.412471,6.801446,5.309583
20,25,44072,44091,Mid-Atlantic,359.07821755894247,0.35244548780445406,2,19.529066,6.542533,5.107461
20,26,44072,44095,Mid-Atlantic,181.75509496878507,0.5019430409407677,4,9.38029,6.8945937,5.382299
20,28,44072,44100,Mid-Atlantic,120.89401022422317,0.5258385494479451,4,6.270611,6.8601446,5.3554063
22,21,44087,44086,Mid-Atlantic,132.01158725238693,0.7658254269366802,3,6.321256,7.4309964,5.8010445
21,23,44086,44088,Mid-Atlantic,85.64798538742646,0.9105986207153242,1,3.6970317,8.243322,6.435191
21,24,44086,44089,Mid-Atlantic,195.33377869422245,0.7514072545145857,0,8.335665,8.338261,6.509305
21,25,44086,44091,Mid-Atlantic,443.64654836995874,0.5039011563308503,3,19.473585,8.106428,6.328324
27,21,44099,44086,Mid-Atlantic,105.13662636657466,0.8959944201417452,1,4.541131,8.238124,6.431133
22,23,44087,44088,Mid-Atlantic,124.41600382829027,0.7751870529005542,4,6.1732526,7.171344,5.5983453
22,24,44087,44089,Mid-Atlantic,106.44015607606994,0.7026979840098594,1,5.216579,7.26036,5.6678357
22,25,44087,44091,Mid-Atlantic,366.5284022512988,0.5018423332642141,2,18.655071,6.991158,5.457682
22,26,44087,44095,Mid-Atlantic,160.57673089087396,0.7455376577902296,4,7.776932,7.3470445,5.735507
22,28,44087,44100,Mid-Atlantic,99.62436007698071,0.793164226393826,3,4.8289156,7.340984,5.730776
24,23,44089,44088,Mid-Atlantic,134.29486457734944,0.8238175450422566,2,5.8898478,8.113228,6.333632
23,25,44088,44091,Mid-Atlantic,363.59707968734756,0.6388758312465115,0,16.414276,7.882011,6.1531315
26,23,44095,44088,Mid-Atlantic,105.49465709234109,0.8996510656056348,1,4.5934863,8.171963,6.3794837
27,23,44099,44088,Mid-Atlantic,85.5689933218316,0.9020059002031775,2,3.7998722,8.012828,6.255254
24,25,44089,44091,Mid-Atlantic,261.62207689788863,0.7581182382893168,4,11.677674,7.9717994,6.223225
24,26,44089,44095,Mid-Atlantic,223.0574675327391,0.729090240140801,0,9.602386,8.265631,6.4526057
24,27,44089,44099,Mid-Atlantic,99.88457095170563,0.8613652407699477,0,4.3849306,8.105392,6.327515
24,28,44089,44100,Mid-Atlantic,168.371178748363,0.7716651406472251,0,7.2076807,8.312096,6.488879
26,25,44095,44091,Mid-Atlantic,467.78131342042417,0.49509693642201763,3,20.718166,8.033964,6.2717547
27,25,44099,44091,Mid-Atlantic,360.43655274689826,0.6074931293808512,3,16.297054,7.8696985,6.1435194
28,25,44100,44091,Mid-Atlantic,422.2249940026769,0.514572063348537,2,18.623209,8.067292,6.297772
27,26,44099,44095,Mid-Atlantic,134.21649411509378,0.8689256507495188,2,5.8488045,8.165395,6.3743563
29,30,44007,44011,NE,400.90292689110373,0.48760546392158655,12,17.610798,8.100252,6.3235025
31,29,44013,44007,NE,137.53980726855178,0.7306952440133659,1,6.4591565,7.57689,5.914937
32,29,44020,44007,NE,225.80762059660233,0.5493855140169379,4,13.361336,6.0134964,4.694466
29,33,44007,44027,NE,242.58511530935425,0.7089804397349366,5,11.232929,7.6843905,5.998858
29,34,44007,44090,NE,187.99914767560753,0.30824579072029207,1,10.894343,6.1403503,4.793495
29,35,44007,44097,NE,295.7377182466739,0.6391222188207439,0,13.554182,7.763754,6.0608134
29,36,44007,44098,NE,80.65062628289533,0.8423969566803646,0,3.715013,7.724773,6.030383
31,30,44013,44011,NE,368.2627349892145,0.615498012431101,7,16.931355,7.7393494,6.041762
32,30,44020,44011,NE,315.4817040499918,0.651842575280614,10,18.618233,6.0293994,4.706881
33,30,44027,44011,NE,360.6924028578444,0.6064744643542086,3,16.310638,7.868726,6.14276
34,30,44090,44011,NE,326.09413956307935,0.6186984539531226,6,18.803005,6.1709785,4.817405
35,30,44097,44011,NE,384.21624278189046,0.7534494606680991,9,17.216873,7.9407187,6.1989617
36,30,44098,44011,NE,354.9516006654844,0.6873411828374046,7,15.985001,7.9012313,6.168136
32,31,44020,44013,NE,99.19251394752163,0.668314397898773,2,6.217011,5.6772184,4.431949
31,33,44013,44027,NE,346.2087603526296,0.4987643044202174,5,16.777481,7.3425956,5.732034
35,31,44097,44013,NE,158.29217624082017,0.590886134950609,1,7.5644407,7.445965,5.8127294
32,33,44020,44027,NE,393.7109627387966,0.6092280382463806,8,24.720665,5.6670327,4.4239974
32,35,44020,44097,NE,91.75485657929836,0.7640109605062834,1,5.520412,5.914199,4.616949
32,36,44020,44098,NE,145.19143806074644,0.7218224627637971,3,8.84858,5.8385596,4.557901
34,33,44090,44027,NE,366.5083792091061,0.42594332760746983,3,22.539251,5.786058,4.516915
35,33,44097,44027,NE,483.48682958352595,0.7146705850072897,6,22.808533,7.5426793,5.888231
36,33,44098,44027,NE,283.9907237795224,0.7200418441347284,4,13.477257,7.4979234,5.8532915
35,34,44097,44090,NE,117.5559498468547,0.5161164922403284,2,6.933115,6.033295,4.709922
34,36,44090,44098,NE,107.55455626670972,0.6499491304925455,0,6.424741,5.95678,4.65019
35,36,44097,44098,NE,218.61214709608095,0.7156912201656613,1,10.248722,7.59002,5.925187
38,37,41043,41040,Other/Intl,1448.6376692495367,0.2328967748362999,27,55.348507,9.313056,7.2702837
39,37,41044,41040,Other/Intl,980.5466413232981,0.3183138205004398,24,37.190426,9.381568,7.323768
37,43,41040,41052,Other/Intl,1318.5358748185881,0.2928705140659981,1,59.664467,7.8634753,6.1386614
44,37,41053,41040,Other/Intl,1460.997536574138,0.28945742026519494,18,57.152775,9.096002,7.100839
45,37,41056,41040,Other/Intl,1390.1052776857837,0.3012463863042297,19,55.23025,8.955895,6.9914646
37,47,41040,42060,Other/Intl,1112.3022900947965,0.34776055358948954,0,48.46805,8.16593,6.374774
37,48,41040,42085,Other/Intl,1489.8671793356243,0.23144428374643622,9,69.754524,7.599998,5.9329767
39,38,41044,41043,Other/Intl,647.948529148139,0.6275739550488844,2,24.463003,9.424733,7.357465
40,38,41046,41043,Other/Intl,470.1505055342539,0.6155081117268687,9,18.064087,9.261028,7.229668
41,38,41047,41043,Other/Intl,982.6668239589641,0.1774114896872309,30,38.14807,9.165835,7.155355
42,38,41049,41043,Other/Intl,760.1042735372635,0.46351496320228786,19,28.837318,9.379003,7.3217654
38,43,41043,41052,Other/Intl,316.0816999686127,0.40636397005959185,3,14.085824,7.9846416,6.2332506
38,44,41043,41053,Other/Intl,318.2904065485469,0.7492945277186079,7,12.372722,9.1537,7.1458817
38,45,41043,41056,Other/Intl,320.780320281734,0.65431768346445,7,12.64803,9.0245,7.045021
38,46,41043,41115,Other/Intl,393.69922321712113,0.6678262023476549,7,14.9213085,9.388495,7.329176
38,47,41043,42060,Other/Intl,546.8393690365065,0.40504547179431183,4,23.529978,8.26945,6.4555874
38,48,41043,42085,Other/Intl,398.6791244625261,0.18784059731490024,13,18.336927,7.7363353,6.039409
40,39,41046,41044,Other/Intl,1026.8784783286014,0.29358174448566915,13,39.14825,9.333511,7.2862525
41,39,41047,41044,Other/Intl,1458.1999474261013,0.09932576372694,45,56.13857,9.2425995,7.2152815
42,39,41049,41044,Other/Intl,754.4466468536522,0.33544677357874686,23,28.437954,9.439924,7.369324
39,43,41044,41052,Other/Intl,740.4400471110847,0.24233466297910913,4,32.518505,8.102101,6.3249464
39,44,41044,41053,Other/Intl,853.2157519269197,0.5754272914166252,6,32.917236,9.223035,7.2000084
39,45,41044,41056,Other/Intl,804.0598458438885,0.5044377621734205,6,31.428896,9.103274,7.1065164
39,46,41044,41115,Other/Intl,971.4594189191746,0.4401273967790188,4,36.57852,9.45011,7.3772764
39,47,41044,42060,Other/Intl,748.3789639849041,0.3175200339697445,11,31.802872,8.37324,6.5366125
48,39,42085,41044,Other/Intl,924.5927008130676,0.04414728643517509,11,41.827976,7.865421,6.14018
41,40,41047,41046,Other/Intl,519.3714451336431,0.5057668606462951,10,20.445766,9.038847,7.056221
42,40,41049,41046,Other/Intl,731.9421156562806,0.6200993620184956,6,28.057291,9.282594,7.2465034
40,43,41046,41052,Other/Intl,723.97281703116,0.16206343081439026,1,33.130436,7.775592,6.0700545
40,44,41046,41053,Other/Intl,640.2851229470616,0.5606354533162008,20,25.201237,9.040447,7.0574703
40,45,41046,41056,Other/Intl,688.3409739298529,0.42200992468672544,22,27.542006,8.8929615,6.942335
40,46,41046,41115,Other/Intl,617.4282736154157,0.6379989738954687,19,23.646431,9.290932,7.253012
40,47,41046,42060,Other/Intl,982.6084208760383,0.1636937709267998,20,43.23132,8.087613,6.3136353
40,48,41046,42085,Other/Intl,689.7311765742628,0.07131161794716538,12,32.705635,7.5040483,5.8580728
41,42,41047,41049,Other/Intl,907.8470040592555,0.5071979691272579,10,35.15064,9.190048,7.174257
43,41,41052,41047,Other/Intl,1242.1398316367013,0.0845850215375138,48,57.550774,7.6799383,5.995382
41,44,41047,41053,Other/Intl,1149.928524759464,0.27932411166664434,40,45.726204,8.948373,6.985592
41,45,41047,41056,Other/Intl,1202.8381916005455,0.1822760618807475,48,48.66651,8.794585,6.865537
41,46,41047,41115,Other/Intl,1107.4632258840854,0.4189890427944482,40,42.8492,9.19655,7.179333
48,41,42085,41047,Other/Intl,1190.1018833238293,0.05366525915547422,48,57.17463,7.4066043,5.7820024
42,43,41049,41052,Other/Intl,1060.3084447772296,0.0,0,46.947655,8.03631,6.273586
42,44,41049,41053,Other/Intl,1077.7132526850835,0.4941362729149693,30,41.79298,9.175679,7.16304
42,45,41049,41056,Other/Intl,1078.5107754141695,0.41219841888347797,32,42.399326,9.051152,7.0658274
42,46,41049,41115,Other/Intl,1136.9406605821098,0.6021522950035525,30,43.014217,9.405115,7.34215
42,47,41049,42060,Other/Intl,1235.4889944785136,0.10542540865752573,44,52.883255,8.3130245,6.489604
42,48,41049,42085,Other/Intl,1157.0034079450388,0.0,0,52.814995,7.7949934,6.0852003
43,44,41052,41053,Other/Intl,143.19523321024224,0.34471439719004116,0,6.5115585,7.8249574,6.108592
46,43,41115,41052,Other/Intl,266.0766058656846,0.1477926282991846,8,11.80324,8.021281,6.2618537
47,43,42060,41052,Other/Intl,261.09262916187316,0.7517870130871757,3,13.349908,6.959126,5.4326763
43,48,41052,42085,Other/Intl,192.21736484815005,0.707446153144058,6,10.708277,6.3872123,4.9862094
44,46,41053,41115,Other/Intl,125.06485099126562,0.7560615638556035,0,4.8469954,9.181233,7.1673756
44,47,41053,42060,Other/Intl,381.653439208714,0.4321392312255354,2,16.757366,8.104044,6.3264623
44,48,41053,42085,Other/Intl,81.55967213737637,0.17023353425299736,5,3.8272333,7.5827875,5.919541
46,45,41115,41056,Other/Intl,192.12218599654142,0.6713385176546762,2,7.5499196,9.054688,7.0685883
45,47,41056,42060,Other/Intl,314.27705590674276,0.5597803974177523,0,14.122881,7.9182234,6.181401
45,48,41056,42085,Other/Intl,121.47681908925806,0.3563022322777632,5,5.874258,7.3583217,5.7443104
46,47,41115,42060,Other/Intl,483.09687881201614,0.2911030121494515,10,20.702606,8.303239,6.481965
46,48,41115,42085,Other/Intl,96.59667849571983,0.10667867564240918,24,4.42061,7.775322,6.069844
47,48,42060,42085,Other/Intl,388.14860302190004,0.6477546194479703,11,20.59374,6.7065797,5.235525
49,51,46001,46060,Other/Intl,480.71497000139857,0.5086169487743657,3,18.716053,9.139275,7.1346207
53,49,46073,46001,Other/Intl,1496.0428873412018,0.18630325304256476,27,56.897594,9.355963,7.303779
49,54,46001,46076,Other/Intl,357.1604644989569,0.6874256543800942,5,12.73406,9.980099,7.7910137
55,49,46077,46001,Other/Intl,412.38617360876503,0.5378986149382388,5,17.968561,8.166372,6.375119
56,49,46078,46001,Other/Intl,296.2402961083819,0.8266284896559221,6,10.57503,9.967834,7.7814403
49,57,46001,46080,Other/Intl,219.8055954598321,0.8219702025443697,1,7.977014,9.804754,7.654131
58,49,46081,46001,Other/Intl,501.2634082485387,0.3717739287942076,3,22.150642,8.052264,6.2860403
49,59,46001,46082,Other/Intl,465.24964091608234,0.5993218421904567,8,16.354887,10.122246,7.901982
49,60,46001,46083,Other/Intl,639.4386605596525,0.5837386753950062,13,22.337164,10.186131,7.9518538
49,61,46001,46084,Other/Intl,736.4539885053929,0.5543720032792786,15,25.31768,10.35047,8.080146
49,62,46001,46108,Other/Intl,430.1030604054937,0.3574996997009866,0,20.274601,7.548464,5.892746
50,92,46006,46014,W. Coast,1156.1855622031028,0.5075847950309947,27,36.096405,11.397298,8.897358
50,94,46006,46026,W. Coast,1297.0674920765803,0.48614669665064414,31,40.23092,11.472047,8.955711
50,95,46006,46027,W. Coast,1095.2968120119494,0.5283854367551257,24,34.984528,11.14023,8.696676
50,96,46006,46028,W. Coast,1460.932032658935,0.4719788503028526,36,44.852943,11.589838,9.047666
50,97,46006,46029,W. Coast,1201.9167516933549,0.43727934715045186,18,38.193214,11.19764,8.741494
50,98,46006,46041,W. Coast,1250.284945502998,0.4594790760622868,18,39.369854,11.300133,8.821506
50,100,46006,46050,W. Coast,1139.1393177977927,0.4890875848373539,19,36.32043,11.160001,8.7121105
50,105,46006,46088,W. Coast,1406.5229949808556,0.1326326266838183,6,56.25464,8.896657,6.9452195
50,106,46006,46089,W. Coast,1100.708663583684,0.4659721588266726,14,34.559425,11.332981,8.847149
50,107,46006,46097,W. Coast,1155.1683259357417,0.4647525683475956,20,36.692547,11.202264,8.745103
50,108,46006,46098,W. Coast,1097.8264373335774,0.4841368644635657,17,35.03636,11.149438,8.703865
50,109,46006,46099,W. Coast,1240.9872450438736,0.4510507671148252,17,39.396732,11.208448,8.749931
50,110,46006,46100,W. Coast,1207.2464942169026,0.4544673737818628,16,38.251175,11.230252,8.7669525
50,111,46006,46211,W. Coast,1255.550375819152,0.4389222552446716,20,39.35111,11.353128,8.862876
50,112,46006,46213,W. Coast,1071.471977320226,0.48338030446080615,24,32.908554,11.585382,9.044187
50,113,46006,46214,W. Coast,1237.903371974478,0.45686557267149697,30,38.062744,11.572442,9.034084
50,121,46006,46229,W. Coast,1110.69327088605,0.4851753475828531,21,34.884537,11.329206,8.844202
50,124,46006,46237,W. Coast,1312.6151950448586,0.5954947918104418,31,38.112564,12.254839,9.566802
50,125,46006,46239,W. Coast,1415.8782285396956,0.5008025553633763,35,42.71562,11.794446,9.207394
50,126,46006,46240,W. Coast,1419.5262694107362,0.418601811568666,39,43.844345,11.520417,8.993471
50,127,46006,46243,W. Coast,1231.4919565203618,0.483049733040634,19,38.558537,11.364475,8.871735
50,128,46006,46244,W. Coast,1098.3997611674915,0.5109472356206066,25,34.758217,11.24453,8.778098
50,129,46006,46248,W. Coast,1192.022864019714,0.46301338835589007,17,37.428955,11.332227,8.84656
50,137,46006,46267,W. Coast,1370.5978744722584,0.03802218923599305,10,47.54638,10.25725,8.007374
54,51,46076,46060,Other/Intl,135.95847790269102,0.6867823302181707,2,5.3130946,9.10536,7.1081448
55,51,46077,46060,Other/Intl,517.5453690204542,0.3691462191717484,7,25.127682,7.328825,5.721284
56,51,46078,46060,Other/Intl,652.8068394358187,0.4281604140138445,5,25.423737,9.1365795,7.132517
57,51,46080,46060,Other/Intl,351.32708269537545,0.576614341517217,5,13.981094,8.941468,6.9802017
58,51,46081,46060,Other/Intl,84.97889530786941,0.5735920703630778,1,4.5290465,6.676405,5.211969
51,59,46060,46082,Other/Intl,215.35141894667157,0.6049348662236949,2,8.259146,9.277927,7.2428603
51,60,46060,46083,Other/Intl,557.3019562093009,0.42726857907964294,10,21.229164,9.341057,7.292143
51,61,46060,46084,Other/Intl,761.4217041566797,0.3559213712708366,12,28.310574,9.570066,7.47092
62,51,46108,46060,Other/Intl,299.2488491923965,0.27909736911043276,3,16.102726,6.6125875,5.1621494
52,53,46072,46073,Other/Intl,371.8263222692073,0.6646178545010466,3,13.93408,9.495113,7.412408
52,55,46072,46077,Other/Intl,1336.7184719878635,0.1475674188098366,24,56.317062,8.445752,6.5932183
52,56,46072,46078,Other/Intl,1355.7802343092094,0.26611284211531105,28,48.116688,10.026097,7.826923
53,55,46073,46077,Other/Intl,1128.7362217745306,0.18884783491378207,23,52.438572,7.6591396,5.9791455
53,56,46073,46078,Other/Intl,1218.70423553226,0.28841919730798904,25,46.445972,9.336597,7.2886615
53,57,46073,46080,Other/Intl,1368.8720874776382,0.16116646003705976,31,53.153862,9.163607,7.153615
62,53,46108,46073,Other/Intl,1302.6673454776821,0.059264449714848774,31,65.91012,7.032663,5.490083
55,54,46077,46076,Other/Intl,402.0639123775411,0.5548448657439048,8,17.516043,8.167656,6.3761215
56,54,46078,46076,Other/Intl,517.2359378876673,0.5826346666820916,9,18.5713,9.910253,7.7364883
57,54,46080,46076,Other/Intl,215.89503570961588,0.763569167247168,4,7.8784275,9.750827,7.612032
58,54,46081,46076,Other/Intl,144.70591631866893,0.39580467500673183,6,6.388365,8.0599985,6.292078
54,59,46076,46082,Other/Intl,262.4108575378856,0.8155440892198736,3,9.2830305,10.058434,7.8521667
54,60,46076,46083,Other/Intl,588.9212621537046,0.6102988348915765,8,20.706844,10.120026,7.900249
54,61,46076,46084,Other/Intl,772.4728475709234,0.5243628269714977,12,26.728106,10.283795,8.028096
62,54,46108,46076,Other/Intl,215.61719147823393,0.29946036727834247,1,10.133483,7.57117,5.9104714
55,56,46077,46078,Other/Intl,274.82540812856905,0.5545404312363236,1,11.873856,8.235756,6.429284
55,57,46077,46080,Other/Intl,241.2774670835352,0.5985179541446771,5,10.678457,8.039825,6.27633
55,58,46077,46081,Other/Intl,468.05025994729317,0.2047277141090683,1,28.623756,5.8184085,4.5421696
55,59,46077,46082,Other/Intl,656.3673157921038,0.45097549873577136,11,27.993742,8.34304,6.5130363
55,60,46077,46083,Other/Intl,950.6526460855439,0.3769431319551541,19,40.29017,8.3957815,6.5542088
55,61,46077,46084,Other/Intl,1098.7741183323665,0.33068185567895014,22,45.163673,8.656803,6.7579765
55,62,46077,46108,Other/Intl,236.35007169128042,0.47380362129881315,5,14.000258,6.0070057,4.6893992
56,57,46078,46080,Other/Intl,301.48089719297013,0.7705042500745373,5,11.002746,9.749831,7.6112547
56,58,46078,46081,Other/Intl,635.0055086487085,0.30078201681457584,0,27.647665,8.172546,6.379939
56,59,46078,46082,Other/Intl,714.4288656518648,0.49534735022502524,12,25.31168,10.043299,7.8403516
56,60,46078,46083,Other/Intl,932.4875557582914,0.4704085313632784,18,32.84531,10.1020155,7.886189
56,61,46078,46084,Other/Intl,1031.3869484380398,0.4496937932620125,21,35.76978,10.259913,8.009453
56,62,46078,46108,Other/Intl,451.23270040067086,0.356595589910182,7,20.923378,7.6737394,5.9905434
58,57,46081,46080,Other/Intl,338.13360377981746,0.43798112573957015,2,15.304141,7.861723,6.1372933
57,59,46080,46082,Other/Intl,436.45196538933953,0.6154516635673096,7,15.698673,9.8926325,7.722733
57,60,46080,46083,Other/Intl,711.6251160680722,0.5365228591334934,12,25.441547,9.952819,7.7697177
57,61,46080,46084,Other/Intl,857.759305990248,0.5099696888741269,14,30.143301,10.125419,7.9044585
57,62,46080,46108,Other/Intl,211.72250236127766,0.46150811274157144,0,10.123835,7.441497,5.8092422
58,59,46081,46082,Other/Intl,299.739756747399,0.35532339207252317,10,12.791032,8.338292,6.50933
58,60,46081,46083,Other/Intl,641.9825597509947,0.296881643799066,18,27.127714,8.420703,6.573664
58,61,46081,46084,Other/Intl,844.6427255977646,0.26220489970732064,21,34.105846,8.812164,6.87926
58,62,46081,46108,Other/Intl,237.22740286019246,0.2818767726813559,0,18.248396,4.6257114,3.6110847
59,60,46082,46083,Other/Intl,342.376401235559,0.7684799445064756,3,11.88572,10.24983,8.001581
59,61,46082,46084,Other/Intl,546.9224786294153,0.6450873452882419,5,18.711475,10.400546,8.119238
62,59,46108,46082,Other/Intl,476.13574725167416,0.2676176724357878,2,21.775967,7.780217,6.0736656
60,61,46083,46084,Other/Intl,219.62847741371624,0.877704650785737,0,7.473236,10.45727,8.16352
62,60,46108,46083,Other/Intl,803.979328533657,0.2719760815600992,7,36.506187,7.836402,6.1175265
62,61,46108,46084,Other/Intl,982.2457559775053,0.22664796766136386,12,42.84082,8.15832,6.3688335
64,63,51000,51003,Pacific Is.,848.7670745292862,0.6872867401477114,1,28.374506,10.6438465,8.309172
65,63,51001,51003,Pacific Is.,596.0167364784763,0.74173130317966,14,19.890083,10.66253,8.323757
63,66,51003,51002,Pacific Is.,386.31926726741807,0.7126794831861931,7,13.285154,10.347088,8.077506
63,67,51003,51004,Pacific Is.,905.2507323886686,0.6043402560353387,12,30.716013,10.486786,8.186562
68,63,51101,51003,Pacific Is.,584.9442003938505,0.7349914198777031,14,19.56881,10.636247,8.303239
69,63,51201,51003,Pacific Is.,367.86443985779016,0.7449942403008353,4,12.211108,10.719415,8.368165
70,63,51202,51003,Pacific Is.,382.71099758936555,0.6097921176725476,1,13.598399,10.01432,7.8177295
71,63,51207,51003,Pacific Is.,381.30004252117504,0.5955669073242323,2,13.551546,10.011896,7.815837
72,63,51208,51003,Pacific Is.,348.8236746517042,0.7666815999161646,7,11.929012,10.404946,8.122673
74,63,51211,51003,Pacific Is.,352.04710379104233,0.26515984693136657,14,12.170636,10.292618,8.034984
75,63,51212,51003,Pacific Is.,338.869154103829,0.6123576113573685,3,10.191187,11.831659,9.2364435
76,63,51213,51003,Pacific Is.,406.5172085282526,0.5222451754460843,1,12.247821,11.810232,9.219717
65,64,51001,51000,Pacific Is.,847.2131523634916,0.7278196067367152,13,28.19748,10.691059,8.346029
64,66,51000,51002,Pacific Is.,831.0393031726394,0.5587012226604904,8,28.397015,10.413273,8.129173
64,67,51000,51004,Pacific Is.,689.7585598180087,0.6730565791816534,15,23.304438,10.53166,8.221593
68,64,51101,51000,Pacific Is.,851.2475017628361,0.7234410831073822,14,28.39658,10.666653,8.326976
69,64,51201,51000,Pacific Is.,493.7063787048482,0.7940581542325292,2,16.3521,10.7431965,8.38673
64,70,51000,51202,Pacific Is.,467.45080805921157,0.6472175761727443,6,16.448986,10.111956,7.8939486
64,71,51000,51207,Pacific Is.,470.2373062573393,0.651511802102684,6,16.547949,10.111401,7.893515
72,64,51208,51000,Pacific Is.,612.2162310711561,0.767719980366473,4,20.818474,10.463918,8.16871
64,74,51000,51211,Pacific Is.,498.83809280283066,0.12246964933325641,5,17.13907,10.356444,8.08481
75,64,51212,51000,Pacific Is.,514.431864899377,0.5733447712155204,3,15.584825,11.745305,9.169031
64,76,51000,51213,Pacific Is.,455.8947765909408,0.4300477692904965,0,13.848286,11.7140465,9.1446295
65,66,51001,51002,Pacific Is.,935.4798344920254,0.5066130779377537,23,31.926102,10.426219,8.13928
65,67,51001,51004,Pacific Is.,1280.9179187051864,0.4768157688262151,29,43.2194,10.545835,8.232658
65,69,51001,51201,Pacific Is.,507.2599353611088,0.8145298498509412,11,16.769136,10.763617,8.402671
65,70,51001,51202,Pacific Is.,560.4275603262627,0.49484609577360267,16,19.711662,10.1166,7.8975744
65,71,51001,51207,Pacific Is.,550.3214349465172,0.5193088841738328,17,19.357141,10.11611,7.897192
65,72,51001,51208,Pacific Is.,349.4615470335072,0.8450564714237639,8,11.867496,10.478006,8.1797085
74,65,51211,51001,Pacific Is.,546.5516149429773,0.1416773315698659,5,18.76016,10.366521,8.092676
65,75,51001,51212,Pacific Is.,529.9122442114705,0.6585449687689594,12,15.995001,11.788486,9.202741
65,76,51001,51213,Pacific Is.,661.6366182691927,0.4480222249692666,11,20.014856,11.762656,9.182576
66,67,51002,51004,Pacific Is.,592.0520975357231,0.6809178621899125,2,20.546988,10.25298,8.004041
68,66,51101,51002,Pacific Is.,926.7939879773011,0.49995474369185006,23,31.692244,10.405635,8.123211
69,66,51201,51002,Pacific Is.,513.021962766057,0.48796924282465287,13,17.428808,10.473857,8.176469
70,66,51202,51002,Pacific Is.,483.093190079464,0.5942855044759268,6,17.63316,9.748529,7.6102386
71,66,51207,51002,Pacific Is.,490.0361428253232,0.49675948858202384,7,17.900373,9.741018,7.604375
72,66,51208,51002,Pacific Is.,610.3274089274516,0.5343101087751845,14,21.422085,10.137702,7.9140477
66,74,51002,51211,Pacific Is.,470.50867024599,0.41066107954568887,1,16.65215,10.053926,7.848648
75,66,51212,51002,Pacific Is.,474.71736846309386,0.4500710875868535,11,14.530255,11.6251955,9.075267
76,66,51213,51002,Pacific Is.,416.78996746967016,0.43426418717352006,10,12.818681,11.569438,9.03174
68,67,51101,51004,Pacific Is.,1277.7380975953847,0.47126967386673807,28,43.19802,10.52486,8.216285
69,67,51201,51004,Pacific Is.,774.062762874451,0.5861860200843244,17,26.00325,10.592217,8.2688675
70,67,51202,51004,Pacific Is.,720.696419323796,0.6631634842961504,11,25.747532,9.959903,7.775248
71,67,51207,51004,Pacific Is.,730.7633727076579,0.6013749717900302,12,26.115213,9.9568405,7.7728577
72,67,51208,51004,Pacific Is.,936.4817411486379,0.5538777536156572,19,32.3335,10.305878,8.045335
67,74,51004,51211,Pacific Is.,736.8012392932902,0.33091550690340205,10,25.666262,10.214712,7.974166
75,67,51212,51004,Pacific Is.,754.8002947771299,0.37407331728468235,17,23.15127,11.601005,9.056382
76,67,51213,51004,Pacific Is.,620.4730426446127,0.36366905167858005,11,19.116257,11.549374,9.016076
68,69,51101,51201,Pacific Is.,503.7686125422914,0.8126190443119239,11,16.696804,10.735843,8.380989
68,70,51101,51202,Pacific Is.,557.064140486155,0.49592610932058245,16,19.616123,10.10486,7.88841
68,71,51101,51207,Pacific Is.,546.9846201569832,0.5204969875439441,16,19.262474,10.104188,7.8878846
68,72,51101,51208,Pacific Is.,344.5320877565696,0.8448836222980453,8,11.724316,10.456361,8.16281
74,68,51211,51101,Pacific Is.,542.502488652705,0.1455257570958446,5,18.651405,10.349718,8.079559
68,75,51101,51212,Pacific Is.,525.5984166169922,0.6533628846877668,11,15.933284,11.737811,9.163181
68,76,51101,51213,Pacific Is.,657.95852158257,0.44567995419153433,12,20.000757,11.705511,9.137966
72,69,51208,51201,Pacific Is.,164.9274804471541,0.8856946345491189,3,5.574664,10.527195,8.218107
69,76,51201,51213,Pacific Is.,154.5022821372174,0.3553183266280474,5,4.630584,11.872373,9.268227
72,70,51208,51202,Pacific Is.,218.05600189232064,0.6155308614659846,6,7.9061446,9.8139,7.66127
76,70,51213,51202,Pacific Is.,102.04988535430593,0.2542291792943855,2,3.2563126,11.151281,8.705303
72,71,51208,51207,Pacific Is.,208.36433527944064,0.6473385095468402,6,7.559505,9.807726,7.6564507
76,71,51213,51207,Pacific Is.,112.19291650906014,0.2006021704085014,3,3.5737467,11.170691,8.720455
72,74,51208,51211,Pacific Is.,199.6819905099649,0.11760442124410983,4,7.0280323,10.109821,7.892283
72,75,51208,51212,Pacific Is.,181.89281446938807,0.6062842861055149,4,5.551396,11.658742,9.101455
72,76,51208,51213,Pacific Is.,316.0915377508721,0.3750267304725635,6,9.6882305,11.60932,9.062873
76,74,51213,51211,Pacific Is.,116.47237965469934,0.51609858171569,2,3.6514869,11.349888,8.860347
75,76,51212,51213,Pacific Is.,135.0181891390284,0.6373625137064357,2,3.7061436,12.963085,10.119698
79,78,41004,41002,S. Atlantic,399.24273117893995,0.6946116325033991,9,18.060934,7.8656597,6.1403666
80,78,41008,41002,S. Atlantic,561.2161109237725,0.5227157416740711,12,25.173714,7.9327035,6.1927047
81,78,41009,41002,S. Atlantic,618.2421554666415,0.4767185680219241,1,26.164045,8.407988,6.5637374
82,78,41013,41002,S. Atlantic,323.8626569500376,0.7133070792137686,8,14.558242,7.9157176,6.1794443
83,78,41108,41002,S. Atlantic,360.8803965770762,0.6036484378637776,9,16.913103,7.592387,5.9270353
84,78,41110,41002,S. Atlantic,370.92397136632405,0.5767216061777802,11,16.463923,8.016595,6.258195
85,78,41112,41002,S. Atlantic,613.3333274200378,0.44332251641799947,13,26.75097,8.158218,6.3687544
86,78,41113,41002,S. Atlantic,652.7404980824101,0.28433179742264014,20,27.521154,8.439413,6.58827
78,87,41002,41114,S. Atlantic,689.4805521243172,0.293901091144405,6,28.859928,8.500904,6.6362734
88,78,41117,41002,S. Atlantic,615.6998879829646,0.4695321953607416,9,26.627062,8.227809,6.42308
89,78,41159,41002,S. Atlantic,331.24197157881275,0.6728474274269529,8,14.731453,8.000887,6.245932
90,78,ssbn7,41002,S. Atlantic,403.7949461337352,0.3810122647924484,12,18.768055,7.6556125,5.9763923
80,79,41008,41004,S. Atlantic,206.89752025636184,0.7920204274451692,1,9.840403,7.481364,5.840364
79,81,41004,41009,S. Atlantic,456.12701872702837,0.4873883391766559,3,20.441893,7.939681,6.1981516
79,82,41004,41013,S. Atlantic,162.51247773301864,0.8801026636718456,1,7.7421336,7.469034,5.8307385
79,83,41004,41108,S. Atlantic,168.77895523938054,0.7807324806140429,1,8.408644,7.142178,5.5755773
84,79,41110,41004,S. Atlantic,223.31407526950397,0.7768841541313194,1,10.518557,7.5543714,5.8973575
85,79,41112,41004,S. Atlantic,287.8752151111273,0.6798829893083731,3,13.304303,7.699287,6.0104866
86,79,41113,41004,S. Atlantic,476.36663947473176,0.4315408267553209,9,21.279284,7.9656763,6.2184453
79,87,41004,41114,S. Atlantic,560.8082239065762,0.2827687398662682,0,24.888407,8.017808,6.259142
88,79,41117,41004,S. Atlantic,335.97179234344236,0.6126453087199278,1,15.387193,7.7692976,6.065141
79,89,41004,41159,S. Atlantic,275.9786211172974,0.7739956655791576,2,13.042049,7.5295315,5.8779664
79,90,41004,ssbn7,S. Atlantic,159.20196614381342,0.5904295980055217,0,7.875972,7.192546,5.614897
80,81,41008,41009,S. Atlantic,328.19759389444465,0.6387985795089035,6,14.598066,7.999786,6.2450733
80,82,41008,41013,S. Atlantic,369.13020198893383,0.6269303680544869,3,17.402117,7.547721,5.892166
80,83,41008,41108,S. Atlantic,371.2249754707676,0.4912495687168048,3,18.252533,7.2368975,5.64952
80,84,41008,41110,S. Atlantic,424.08353304293433,0.577581877521661,1,19.773165,7.6315646,5.957619
80,85,41008,41112,S. Atlantic,86.89311765794805,0.9131076614181797,1,3.9796596,7.769227,6.065086
80,86,41008,41113,S. Atlantic,335.1249104463005,0.57977845456474,1,14.858939,8.025226,6.2649326
80,87,41008,41114,S. Atlantic,432.47638016308457,0.47051991241778024,5,19.054789,8.076005,6.3045735
80,88,41008,41117,S. Atlantic,157.10947112599732,0.830234703771215,2,7.1342525,7.8359604,6.117182
80,89,41008,41159,S. Atlantic,481.6483458346308,0.5022206592744468,6,22.522749,7.6093407,5.94027
80,90,41008,ssbn7,S. Atlantic,351.05816356802376,0.3751568162704342,3,17.14157,7.2873034,5.68887
82,81,41013,41009,S. Atlantic,595.0491798016944,0.35089010092192524,1,26.522696,7.983137,6.2320757
81,83,41009,41108,S. Atlantic,615.0778913489992,0.2073585928037159,7,28.49753,7.6800003,5.9954305
84,81,41110,41009,S. Atlantic,669.0991033100256,0.3010139613964219,4,29.465286,8.080126,6.3077908
85,81,41112,41009,S. Atlantic,267.1104709984333,0.7079479758767249,6,11.572732,8.21284,6.4113946
81,87,41009,41114,S. Atlantic,106.34588509672429,0.8463223307281591,0,4.4323955,8.5373,6.6646857
88,81,41117,41009,S. Atlantic,187.10467379387867,0.8112098710489876,4,8.04236,8.278268,6.462471
81,89,41009,41159,S. Atlantic,704.7479474306529,0.28453048239963225,8,31.087187,8.066604,6.2972345
81,90,41009,ssbn7,S. Atlantic,614.3337178363537,0.1887206983162386,17,28.236443,7.741635,6.043546
85,82,41112,41013,S. Atlantic,450.25341153629245,0.5070849901002195,6,20.659824,7.7547665,6.0537972
86,82,41113,41013,S. Atlantic,619.5733100042717,0.34008782161975737,16,27.529406,8.008187,6.2516313
87,82,41114,41013,S. Atlantic,695.6218668743977,0.18156335832120035,13,30.716516,8.058229,6.290697
88,82,41117,41013,S. Atlantic,494.6994930806494,0.45252896251041375,3,22.507101,7.820964,6.1054745
82,89,41013,41159,S. Atlantic,114.31546160868514,0.9151274403436387,0,5.3550706,7.595881,5.9297624
85,83,41112,41108,S. Atlantic,454.92134615669084,0.36506886319084575,10,21.734205,7.4478493,5.814201
86,83,41113,41108,S. Atlantic,638.1226601510766,0.2898500128206657,21,29.477806,7.702778,6.013212
87,83,41114,41108,S. Atlantic,717.253701903788,0.1348700455935592,23,32.93452,7.749252,6.0494924
88,83,41117,41108,S. Atlantic,504.69416915658843,0.2913750483353775,11,23.889986,7.5171065,5.868267
83,89,41108,41159,S. Atlantic,112.98925731440825,0.8945649731385865,0,5.5270867,7.2740993,5.678562
85,84,41112,41110,S. Atlantic,508.44605137114524,0.47725488493513146,9,23.062393,7.8447456,6.1240396
86,84,41113,41110,S. Atlantic,692.488562217314,0.33531710325325564,12,30.394867,8.106823,6.328632
87,84,41114,41110,S. Atlantic,770.8153893142879,0.17839666133740137,12,33.612804,8.1598835,6.3700542
88,84,41117,41110,S. Atlantic,559.2851229776012,0.4116080850004226,2,25.15156,7.9123716,6.1768327
85,86,41112,41113,S. Atlantic,267.0365526795868,0.6560712454586168,1,11.530819,8.240412,6.4329185
85,87,41112,41114,S. Atlantic,366.26237350270134,0.5451985786540764,4,15.711759,8.294799,6.475376
85,88,41112,41117,S. Atlantic,81.55086612229792,0.9158889197816334,1,3.606503,8.046011,6.281159
85,89,41112,41159,S. Atlantic,563.8382664052976,0.40712302003163053,11,25.634035,7.82665,6.109914
85,90,41112,ssbn7,S. Atlantic,436.7004998725762,0.2969191869984006,12,20.708902,7.5035186,5.8576593
87,86,41114,41113,S. Atlantic,99.29881701471199,0.8123123846028816,1,4.1233916,8.568954,6.6893973
88,86,41117,41113,S. Atlantic,185.53021084985863,0.7071480686992493,1,7.9477406,8.306333,6.48438
86,89,41113,41159,S. Atlantic,730.4511313553562,0.28915107949710595,19,32.113087,8.093706,6.3183923
86,90,41113,ssbn7,S. Atlantic,635.3106990235177,0.29747052142245417,14,29.110592,7.7655725,6.062233
88,87,41117,41114,S. Atlantic,284.79423221702064,0.6639583943187064,4,12.119516,8.361501,6.5274477
87,89,41114,41159,S. Atlantic,803.4470263923398,0.1503685931676353,19,35.088417,8.147639,6.3604956
87,90,41114,ssbn7,S. Atlantic,718.2822992466441,0.1591620203071059,23,32.707535,7.8142214,6.100211
88,89,41117,41159,S. Atlantic,608.9990265130666,0.36019226477149263,11,27.445082,7.8956947,6.163814
88,90,41117,ssbn7,S. Atlantic,492.097256140266,0.24319574468455182,14,23.118225,7.5741653,5.9128103
90,89,ssbn7,41159,S. Atlantic,147.8580117872279,0.710094431105056,2,7.1800914,7.327457,5.720216
92,91,46014,46011,W. Coast,545.1400906690744,0.7114484331674062,12,16.734318,11.591468,9.048937
91,93,46011,46025,W. Coast,219.34506924962835,0.6037560009483925,4,6.459429,12.082926,9.432596
94,91,46026,46011,W. Coast,353.48659316947504,0.8097923991063873,8,10.783706,11.663887,9.105472
95,91,46027,46011,W. Coast,822.0709555007813,0.5397767689436193,16,25.743515,11.362655,8.870313
96,91,46028,46011,W. Coast,122.93479256966742,0.9131340530531527,3,3.7183063,11.764352,9.1839
97,91,46029,46011,W. Coast,1281.0289636868233,0.4287798318607139,24,39.839775,11.441434,8.931812
98,91,46041,46011,W. Coast,1415.109084462034,0.44649198337870966,23,43.70053,11.522364,8.994991
91,99,46011,46047,W. Coast,311.127950798184,0.8461210613023772,6,9.252906,11.964629,9.340247
100,91,46050,46011,W. Coast,1124.2745352615482,0.4777319501405025,21,35.125572,11.389045,8.890915
91,101,46011,46053,W. Coast,130.84370415834084,0.7337723175240211,3,4.2340417,10.996034,8.584108
91,102,46011,46054,W. Coast,88.29897596970271,0.9070188382012839,2,2.6943278,11.661209,9.103381
91,103,46011,46069,W. Coast,159.01686808999065,0.8826263779643081,3,4.732183,11.956939,9.334245
91,104,46011,46086,W. Coast,385.50138092987737,0.7451128114664449,9,11.15814,12.293413,9.596914
106,91,46089,46011,W. Coast,1287.6812402419223,0.4444463072265202,26,39.605267,11.568946,9.031356
107,91,46097,46011,W. Coast,1114.893033514364,0.46238145839555755,20,34.715702,11.427352,8.920819
108,91,46098,46011,W. Coast,1102.4863532798663,0.454076976387399,22,34.40857,11.401054,8.90029
109,91,46099,46011,W. Coast,1372.6945908082723,0.43593643953558725,22,42.671684,11.446494,8.935763
110,91,46100,46011,W. Coast,1365.570415252332,0.434502418447839,24,42.396835,11.460908,8.947015
111,91,46211,46011,W. Coast,1352.8717871463746,0.44799208077034564,20,41.645687,11.559126,9.023689
112,91,46213,46011,W. Coast,680.614800245463,0.5827424180371529,15,20.585278,11.764758,9.184217
113,91,46214,46011,W. Coast,400.5832986694371,0.7894354159535181,9,12.126364,11.754404,9.176134
91,116,46011,46219,W. Coast,215.88779740267606,0.8534255407777793,4,6.351345,12.094857,9.441911
91,117,46011,46221,W. Coast,247.26946380968,0.5662298244992988,5,7.0201406,12.533231,9.784129
91,118,46011,46222,W. Coast,287.2240786971798,0.6143988481911122,6,8.559177,11.940629,9.321511
91,119,46011,46224,W. Coast,379.20457105504244,0.5258307523243031,8,10.515086,12.83214,10.017474
91,120,46011,46225,W. Coast,400.5133870773188,0.6412130817431925,9,11.203053,12.720934,9.93066
121,91,46229,46011,W. Coast,1028.4546181179028,0.4488667844966954,18,31.70326,11.543024,9.011119
91,122,46011,46232,W. Coast,426.1540253704836,0.667237515568971,10,11.921675,12.719431,9.929488
91,123,46011,46235,W. Coast,441.13064780505283,0.6931693408127015,10,12.608156,12.449559,9.718811
124,91,46237,46011,W. Coast,349.1724447501878,0.7957414076617186,7,10.054862,12.35669,9.646313
125,91,46239,46011,W. Coast,185.70407970104,0.8865899243287825,4,5.5320106,11.944743,9.324723
126,91,46240,46011,W. Coast,204.88919091779368,0.8228835947753516,3,6.2288156,11.7044735,9.1371565
127,91,46243,46011,W. Coast,1281.3305895365113,0.44447539181415074,21,39.420467,11.565855,9.028943
128,91,46244,46011,W. Coast,725.0150970704511,0.5868304256295913,14,22.517862,11.456666,8.943704
129,91,46248,46011,W. Coast,1282.0185788374465,0.4615582132587417,23,39.51671,11.543883,9.01179
91,130,46011,46251,W. Coast,184.9198288886371,0.6391981692968467,2,5.329752,12.3456745,9.6377125
91,131,46011,46253,W. Coast,299.86481176339186,0.5597816869222834,6,8.67523,12.29937,9.601564
91,132,46011,46254,W. Coast,414.14474119103255,0.5833292508115554,10,13.454676,10.952601,8.550203
91,133,46011,46256,W. Coast,291.44223684800363,0.4099160366216762,5,7.8430843,13.222207,10.321982
91,134,46011,46258,W. Coast,404.3001720465337,0.6512174561395392,9,11.226454,12.814442,10.003658
91,136,46011,46266,W. Coast,407.6497981102432,0.6581364942113023,10,11.533464,12.5766735,9.818044
137,91,46267,46011,W. Coast,1487.1474001686204,0.20803340418882826,24,49.93296,10.59754,8.273023
91,138,46011,46268,W. Coast,244.1139990416348,0.47244888498649323,3,6.884892,12.616355,9.849021
91,139,46011,ljpc1,W. Coast,414.97555227156624,0.6168220028975029,11,13.871046,10.645147,8.310187
92,93,46014,46025,W. Coast,748.5086856922217,0.3880530912085059,14,22.662148,11.7526045,9.174729
92,94,46014,46026,W. Coast,191.77603934382088,0.8466681487422953,4,6.021039,11.333427,8.847497
95,92,46027,46014,W. Coast,292.7516570502953,0.7923444908148021,4,9.433568,11.042356,8.620271
92,96,46014,46028,W. Coast,426.422844557619,0.7623469864005481,9,13.261919,11.441222,8.931647
97,92,46029,46014,W. Coast,771.0060365877467,0.5291557318712368,12,24.760092,11.080106,8.64974
98,92,46041,46014,W. Coast,905.7541011381239,0.5265584681233284,12,28.840706,11.174878,8.723724
92,99,46014,46047,W. Coast,856.1583323791185,0.5843735502553665,18,26.17639,11.638116,9.085354
100,92,46050,46014,W. Coast,608.1868745152979,0.5958736093143654,9,19.573977,11.055957,8.630888
92,101,46014,46053,W. Coast,665.0118206142446,0.49377108787054275,14,22.185543,10.665904,8.326391
92,102,46014,46054,W. Coast,633.0991873852568,0.6557466114781317,14,19.880625,11.331309,8.845843
92,103,46014,46069,W. Coast,704.119036211388,0.627534010552079,15,21.55247,11.624852,9.074999
92,104,46014,46086,W. Coast,919.3254030739447,0.5024217023058012,19,27.32772,11.970276,9.344656
105,92,46088,46014,W. Coast,1014.6759307733631,0.2641592684940257,23,39.712124,9.091648,7.0974407
106,92,46089,46014,W. Coast,760.2728532631824,0.5625078636266129,14,24.16837,11.193359,8.7381525
107,92,46097,46014,W. Coast,602.6041429746757,0.5769422006577213,9,19.329601,11.092964,8.659778
108,92,46098,46014,W. Coast,578.5540463006222,0.6023276548797187,10,18.652157,11.037056,8.616133
109,92,46099,46014,W. Coast,864.513281585984,0.5275240103633377,12,27.733871,11.091736,8.658819
110,92,46100,46014,W. Coast,851.7151359000974,0.5461504703780724,13,27.270315,11.113288,8.675644
111,92,46211,46014,W. Coast,848.9073522414745,0.5190773168591819,10,26.903694,11.227595,8.764878
112,92,46213,46014,W. Coast,135.49809696895596,0.8485119646672974,3,4.216867,11.433564,8.925669
92,113,46014,46214,W. Coast,149.2820285762489,0.8941863738531177,3,4.6508822,11.421169,8.915993
92,114,46014,46215,W. Coast,525.549022077551,0.7224482813325632,11,15.959579,11.71737,9.147223
92,115,46014,46218,W. Coast,602.1974603104344,0.6864999459627484,13,18.332043,11.688705,9.124846
92,116,46014,46219,W. Coast,761.024232876511,0.5736704408128761,15,22.99727,11.774991,9.192205
92,117,46014,46221,W. Coast,763.4658519459422,0.3715520076393419,15,22.242855,12.213424,9.534471
92,118,46014,46222,W. Coast,803.5443839700347,0.4046357130865286,15,24.607134,11.6194935,9.070816
92,119,46014,46224,W. Coast,890.0342067012564,0.33208532751408,17,25.310347,12.512583,9.76801
92,120,46014,46225,W. Coast,916.0123254026857,0.4355645672957762,19,26.282757,12.401344,9.681171
121,92,46229,46014,W. Coast,507.81526640271903,0.5941074054898812,8,16.128517,11.203395,8.745987
92,122,46014,46232,W. Coast,950.822010661193,0.4560055989732549,20,27.292234,12.396482,9.677376
92,123,46014,46235,W. Coast,960.5976827573629,0.48565792769816435,19,28.203451,12.119303,9.460995
92,124,46014,46237,W. Coast,198.10842329826787,0.8050207255330983,4,5.859836,12.029728,9.3910675
92,125,46014,46239,W. Coast,360.2195894041035,0.8140763139780459,8,11.026041,11.624816,9.074971
92,126,46014,46240,W. Coast,341.411713280819,0.7162245992151672,9,10.676962,11.378082,8.882358
127,92,46243,46014,W. Coast,777.34742166104,0.5231720913455147,10,24.609247,11.239713,8.774338
128,92,46244,46014,W. Coast,188.57038503588367,0.8330855843419526,2,6.0261226,11.134581,8.692266
129,92,46248,46014,W. Coast,770.0188509890519,0.5500306405713651,12,24.448105,11.207132,8.748904
92,130,46014,46251,W. Coast,723.5119970674547,0.39549952001040345,14,21.407608,12.025854,9.388043
92,131,46014,46253,W. Coast,814.3592822938214,0.3568893342813772,16,24.189644,11.979121,9.351561
92,132,46014,46254,W. Coast,928.8716157971674,0.3646702061485971,20,31.088652,10.631442,8.299488
92,133,46014,46256,W. Coast,802.427093642078,0.2803561249819685,16,22.129475,12.902468,10.072376
92,134,46014,46258,W. Coast,925.8474434457831,0.4521178101753738,19,26.366938,12.494477,9.753876
92,135,46014,46259,W. Coast,541.9793742899025,0.7062223250103934,11,16.659698,11.575879,9.036768
92,136,46014,46266,W. Coast,920.4501468812541,0.4495653053754105,19,26.721601,12.256772,9.568311
137,92,46267,46014,W. Coast,995.2152283292942,0.267824392476464,15,34.527557,10.256271,8.00661
92,138,46014,46268,W. Coast,752.7531420329334,0.32025625901216304,16,21.782366,12.296623,9.599421
92,139,46014,ljpc1,W. Coast,929.5409185060894,0.40045796396631356,21,32.045406,10.321458,8.057498
94,93,46026,46025,W. Coast,558.0217891011957,0.46870366845369565,13,16.780499,11.832722,9.237273
95,93,46027,46025,W. Coast,1011.1342191657629,0.2864240972473846,18,31.241497,11.516363,8.990306
96,93,46028,46025,W. Coast,340.34761163333013,0.5312209850143961,6,10.149054,11.932612,9.315253
97,93,46029,46025,W. Coast,1451.7394450385596,0.20104556585669286,29,44.461014,11.618436,9.06999
93,99,46025,46047,W. Coast,155.73755377706078,0.7074571424845767,2,4.5642047,12.141339,9.478197
100,93,46050,46025,W. Coast,1300.6775465340609,0.24737827877194002,28,40.070663,11.549986,9.016554
101,93,46053,46025,W. Coast,88.5050517433955,0.7542361507770393,3,2.8263724,11.142356,8.698337
102,93,46054,46025,W. Coast,140.13557901768118,0.6544034011985949,3,4.215164,11.829659,9.234883
103,93,46069,46025,W. Coast,107.04697889402276,0.6920143218956764,1,3.1384778,12.136506,9.474424
93,104,46025,46086,W. Coast,170.82806093142275,0.8291083386287317,4,4.8709903,12.479015,9.741806
106,93,46089,46025,W. Coast,1468.3476508365711,0.23053091080142712,28,44.43561,11.758072,9.178997
107,93,46097,46025,W. Coast,1289.5647966298527,0.23316251470142968,23,39.590324,11.5902405,9.047979
108,93,46098,46025,W. Coast,1283.4214071905253,0.23999170929725414,28,39.443653,11.577918,9.03836
112,93,46213,46025,W. Coast,882.7214759585911,0.3327304211297277,17,26.311975,11.937369,9.318967
113,93,46214,46025,W. Coast,610.0742404550604,0.4292600577886558,12,18.199608,11.927764,9.311468
114,93,46215,46025,W. Coast,228.63900236899994,0.6263920549016896,5,6.658769,12.217848,9.537924
115,93,46218,46025,W. Coast,174.40574312120313,0.6193624052765819,3,5.0938835,12.182884,9.51063
116,93,46219,46025,W. Coast,96.38138143321045,0.7168306699565686,1,2.7945595,12.272079,9.58026
93,119,46025,46224,W. Coast,162.54840235667226,0.791550349872963,4,4.4378576,13.033098,10.174354
93,120,46025,46225,W. Coast,181.88554235895637,0.8156584073563565,5,5.0099244,12.9183,10.084735
121,93,46229,46025,W. Coast,1208.9139582328864,0.24492026946166512,26,36.726772,11.712539,9.143452
93,122,46025,46232,W. Coast,207.15454042565702,0.8407965891267256,5,5.705682,12.918891,10.085197
93,123,46025,46235,W. Coast,221.79403430221242,0.8309177193335495,6,6.241404,12.644624,9.871089
124,93,46237,46025,W. Coast,550.4176220584749,0.5339658381689474,13,15.609984,12.546662,9.794615
125,93,46239,46025,W. Coast,397.86170684423166,0.545003125920694,7,11.683438,12.117131,9.459299
126,93,46240,46025,W. Coast,409.01797569170253,0.5106496992802658,5,12.258528,11.872506,9.268332
127,93,46243,46025,W. Coast,1448.9355933321108,0.21995191377375237,27,43.956184,11.729174,9.156439
128,93,46244,46025,W. Coast,919.7456457389292,0.318201996449222,15,28.178125,11.614326,9.066781
129,93,46248,46025,W. Coast,1453.7612279703394,0.21893672195592254,25,44.167473,11.711942,9.142985
93,131,46025,46253,W. Coast,85.44840779954791,0.8321890602909218,2,2.435609,12.483455,9.745271
93,132,46025,46254,W. Coast,195.53166868544275,0.7601674572900778,7,6.2717733,11.093411,8.660127
93,133,46025,46256,W. Coast,81.32882622676665,0.6750336884706751,1,2.1538436,13.435961,10.48885
93,134,46025,46258,W. Coast,184.95587522493207,0.8267018822635124,4,5.056608,13.01509,10.1602955
135,93,46259,46025,W. Coast,248.5741274558041,0.5689540662693494,4,7.328019,12.070011,9.422515
93,136,46025,46266,W. Coast,189.61635314133483,0.8105120296262599,6,5.283704,12.769553,9.968616
93,139,46025,ljpc1,W. Coast,196.38874835841207,0.7697188078367501,7,6.484186,10.77704,8.41315
95,94,46027,46026,W. Coast,473.50722604370446,0.6427045142425223,7,15.182595,11.097342,8.663195
94,96,46026,46028,W. Coast,236.21487756913385,0.8489920700193294,5,7.302779,11.509524,8.984968
97,94,46029,46026,W. Coast,943.9104449316995,0.44739147728420486,15,30.139616,11.143752,8.699426
98,94,46041,46026,W. Coast,1078.896109110062,0.47118303449909527,14,34.156975,11.239283,8.774002
94,99,46026,46047,W. Coast,664.5887973937167,0.6763198849649993,15,20.188433,11.713556,9.144246
100,94,46050,46026,W. Coast,783.384197535946,0.499256192971533,11,25.081642,11.113662,8.675936
94,101,46026,46053,W. Coast,473.6955891213253,0.603264437690891,12,15.737543,10.7102785,8.3610325
94,102,46026,46054,W. Coast,441.3566051737189,0.7552146791051505,10,13.779044,11.397481,8.897501
94,103,46026,46069,W. Coast,512.49883262897,0.7194432012854387,12,15.584805,11.701185,9.134589
94,104,46026,46086,W. Coast,728.8191912921304,0.5958085385594213,17,21.511433,12.055599,9.411264
105,94,46088,46026,W. Coast,1176.9876473927407,0.25098329079637016,26,46.11148,9.082412,7.0902305
106,94,46089,46026,W. Coast,942.0116070950718,0.47379330179957896,17,29.75824,11.263864,8.793191
107,94,46097,46026,W. Coast,775.7418624491411,0.48552757060626756,11,24.75128,11.152133,8.705968
108,94,46098,46026,W. Coast,757.836821358527,0.4966537474556212,12,24.294373,11.099627,8.664979
109,94,46099,46026,W. Coast,1036.9188362690752,0.46281038698069143,14,33.07724,11.154595,8.7078905
110,94,46100,46026,W. Coast,1026.8687918180178,0.47381114551079845,15,32.695133,11.175584,8.724276
111,94,46211,46026,W. Coast,1019.1745607731102,0.4606151026206069,12,32.11935,11.290683,8.814128
112,94,46213,46026,W. Coast,327.1766415602738,0.6837392642189256,6,10.120345,11.503376,8.980168
94,114,46026,46215,W. Coast,333.828929478283,0.825996517968297,8,10.071185,11.7945595,9.207482
94,115,46026,46218,W. Coast,410.6646490567856,0.7811152086583573,10,12.421242,11.764154,9.183745
94,116,46026,46219,W. Coast,569.3404440056908,0.6703042799986269,12,17.09128,11.853204,9.253263
94,117,46026,46221,W. Coast,574.6198296106393,0.4464966784980121,14,16.615625,12.305584,9.606416
94,118,46026,46222,W. Coast,615.0250780985432,0.490750636559638,13,18.715572,11.693056,9.1282425
94,119,46026,46224,W. Coast,703.0314815759459,0.4110041519437991,16,19.831406,12.614198,9.847337
94,120,46026,46225,W. Coast,728.4034470477992,0.517188425396328,17,20.735777,12.499425,9.757738
121,94,46229,46026,W. Coast,684.9011487197205,0.4896291667286982,10,21.629574,11.267258,8.795841
94,122,46026,46232,W. Coast,761.8463438604399,0.5425404882654498,18,21.69467,12.495473,9.754654
94,123,46026,46235,W. Coast,772.5476384937491,0.5696545673218034,18,22.511036,12.211475,9.532949
94,125,46026,46239,W. Coast,169.3685593722835,0.8878895382811784,4,5.151691,11.698262,9.132307
94,126,46026,46240,W. Coast,149.7388804601101,0.7761897961404631,5,4.6553826,11.445046,8.934632
127,94,46243,46026,W. Coast,947.2568441018404,0.46710125889808346,13,29.82261,11.3021345,8.823068
128,94,46244,46026,W. Coast,373.4372163241061,0.6706095685712482,6,11.871779,11.192836,8.737743
129,94,46248,46026,W. Coast,943.9149370070817,0.47079460275306867,15,29.800644,11.270561,8.79842
94,130,46026,46251,W. Coast,532.0488182301154,0.49160282154609963,13,15.630485,12.112042,9.455326
94,131,46026,46253,W. Coast,626.188125683949,0.434747717062645,14,18.469454,12.063939,9.417774
94,132,46026,46254,W. Coast,741.4713135112513,0.4477120476837903,18,24.718777,10.673473,8.3323
94,133,46026,46256,W. Coast,614.6564012452944,0.3338265793688801,14,16.8025,13.016579,10.161457
94,134,46026,46258,W. Coast,737.2835676210674,0.5324317380800165,17,20.82823,12.595649,9.832856
94,135,46026,46259,W. Coast,352.2529486565468,0.8114389887420792,7,10.760481,11.648267,9.093278
94,136,46026,46266,W. Coast,733.3274705302185,0.53063513053641,17,21.127947,12.350343,9.641357
137,94,46267,46026,W. Coast,1160.403733440065,0.2240952546192776,12,40.13323,10.288295,8.031609
94,138,46026,46268,W. Coast,564.771382872407,0.3871275151031612,14,16.217737,12.391412,9.673417
94,139,46026,ljpc1,W. Coast,742.1723638743123,0.4848318043518726,19,25.505886,10.353871,8.082801
95,96,46027,46028,W. Coast,709.0436367624087,0.5673745808244919,13,22.505762,11.210308,8.751384
97,95,46029,46027,W. Coast,479.13358416413945,0.682789846015854,6,15.753687,10.82213,8.44835
98,95,46041,46027,W. Coast,613.5559494442148,0.6403187274005685,8,19.980326,10.926724,8.530002
95,99,46027,46047,W. Coast,1131.8574266814007,0.45937276173247527,22,35.314037,11.404668,8.903111
100,95,46050,46027,W. Coast,315.9252533818797,0.7725030458897967,4,10.391287,10.818159,8.44525
95,101,46027,46053,W. Coast,932.9587821287627,0.37798166977305125,20,31.827143,10.430453,8.142586
95,102,46027,46054,W. Coast,908.1411971411757,0.4995353348078227,18,29.123262,11.095623,8.661854
95,103,46027,46069,W. Coast,980.1695172768307,0.49360627086293474,19,30.627663,11.387428,8.889653
95,104,46027,46086,W. Coast,1180.0434543695249,0.3994901025953353,23,35.768734,11.739045,9.1641445
105,95,46088,46027,W. Coast,728.0031206383874,0.27090322207437645,19,29.462856,8.792184,6.8636622
106,95,46089,46027,W. Coast,468.8252967552298,0.7125455548067297,9,15.269437,10.925123,8.528752
107,95,46097,46027,W. Coast,311.2986816479577,0.7537219074716849,3,10.205099,10.854215,8.473397
108,95,46098,46027,W. Coast,285.9133377053204,0.7801739972083503,4,9.439887,10.777201,8.413276
109,95,46099,46027,W. Coast,572.619550887226,0.6436967340601243,7,18.799126,10.838443,8.461084
110,95,46100,46027,W. Coast,559.1117554382323,0.6618374554321879,7,18.310667,10.865078,8.481877
111,95,46211,46027,W. Coast,557.9741559087563,0.6394137580120711,6,18.064371,10.990807,8.580029
95,112,46027,46213,W. Coast,174.9521891288469,0.866630647006904,2,5.5598135,11.196893,8.740911
95,113,46027,46214,W. Coast,440.19931986483607,0.6827312555501824,7,14.006434,11.183045,8.730101
95,114,46027,46215,W. Coast,798.8101657589123,0.5517683669685628,15,24.745869,11.486276,8.966819
95,115,46027,46218,W. Coast,879.5955058474055,0.5262637402094167,17,27.310873,11.46003,8.94633
95,116,46027,46219,W. Coast,1036.0580542489777,0.4507248306214539,19,31.928816,11.546215,9.013611
95,117,46027,46221,W. Coast,1019.9089559811881,0.2892489137063752,23,30.281836,11.984435,9.355709
95,118,46027,46222,W. Coast,1058.295644764915,0.30967737547551477,21,33.061718,11.3899,8.8915825
95,119,46027,46224,W. Coast,1138.88790565115,0.24905940879860067,23,32.990864,12.283599,9.589253
95,120,46027,46225,W. Coast,1166.2463006687174,0.343523168889883,25,34.09198,12.172403,9.502448
121,95,46229,46027,W. Coast,215.26000397693954,0.8077401872809408,3,6.9880843,10.960834,8.556629
95,122,46027,46232,W. Coast,1205.0405961343001,0.3614679076335067,25,35.247066,12.165139,9.496777
95,123,46027,46235,W. Coast,1211.5913149750459,0.3843175318774841,23,36.280434,11.882889,9.276437
95,124,46027,46237,W. Coast,474.6230677098187,0.6463910313051913,8,14.3173485,11.795724,9.208391
95,125,46027,46239,W. Coast,641.9551477162414,0.6304600206983627,13,20.044138,11.396084,8.89641
95,126,46027,46240,W. Coast,617.6392649745026,0.559165353010426,13,19.719597,11.144876,8.700303
127,95,46243,46027,W. Coast,486.8973622868162,0.6642348216130671,5,15.740414,11.006764,8.592485
95,128,46027,46244,W. Coast,104.98711420462743,0.9082716844645679,2,3.425823,10.9045925,8.512725
129,95,46248,46027,W. Coast,477.8050910420854,0.6973773678426034,7,15.503012,10.966626,8.5611515
95,130,46027,46251,W. Coast,991.7924606004893,0.3025278992064185,21,29.914986,11.796967,9.209361
95,131,46027,46253,W. Coast,1067.8640760968158,0.28011649446575476,23,32.33838,11.749952,9.172659
95,132,46027,46254,W. Coast,1178.29383200339,0.2796777874390135,25,40.304928,10.402408,8.120691
95,133,46027,46256,W. Coast,1054.9499048586642,0.22030016244399814,21,29.620092,12.673125,9.893339
95,134,46027,46258,W. Coast,1178.965740995195,0.36255466891439436,25,34.203022,12.265211,9.574899
95,135,46027,46259,W. Coast,825.06031150692,0.5178816404466804,15,25.875881,11.345638,8.857029
95,136,46027,46266,W. Coast,1169.1785291030956,0.3508375044552957,23,34.58891,12.027692,9.389478
137,95,46267,46027,W. Coast,706.6436834855451,0.28044303062300685,5,25.111292,10.013128,7.8167987
95,138,46027,46268,W. Coast,1006.7887047532708,0.24987616910754584,23,29.686176,12.067641,9.420665
95,139,46027,ljpc1,W. Coast,1178.858874964686,0.3140850856746747,28,41.569473,10.0908,7.877434
97,96,46029,46028,W. Coast,1175.1605232244062,0.4356625433080459,22,37.10259,11.270193,8.798133
98,96,46041,46028,W. Coast,1309.8638541522464,0.45231334949049834,22,41.033764,11.358557,8.867114
96,99,46028,46047,W. Coast,430.9762725354371,0.7821579854487113,9,12.979553,11.814953,9.223402
100,96,46050,46028,W. Coast,1016.1846546532626,0.48543325641887963,19,32.195843,11.230811,8.767389
96,101,46028,46053,W. Coast,252.15610261536725,0.6544592865780426,5,8.280551,10.83549,8.45878
96,102,46028,46054,W. Coast,210.75100062911255,0.8590606453622579,5,6.5169244,11.507086,8.983064
96,103,46028,46069,W. Coast,279.67391973550133,0.8278209772650194,6,8.430216,11.804609,9.215327
96,104,46028,46086,W. Coast,508.0994480634654,0.6673921730684358,11,14.88228,12.148356,9.483676
105,96,46088,46028,W. Coast,1401.5384017169074,0.22120442756266093,29,53.683556,9.289708,7.252057
106,96,46089,46028,W. Coast,1176.8926703867587,0.4563433108541519,24,36.759155,11.392255,8.893421
107,96,46097,46028,W. Coast,1007.7313115861922,0.46931722115821384,18,31.820206,11.268864,8.797094
108,96,46098,46028,W. Coast,992.2090070435052,0.46542798699962407,19,31.443779,11.228112,8.765283
109,96,46099,46028,W. Coast,1267.6357083995936,0.4496485422356536,21,39.99295,11.278449,8.804578
110,96,46100,46028,W. Coast,1258.939289804499,0.44647275048197654,21,39.655396,11.296421,8.818607
111,96,46211,46028,W. Coast,1248.862432137634,0.45266680489147226,19,38.969414,11.40326,8.902013
112,96,46213,46028,W. Coast,561.8142996508442,0.6264807298870924,12,17.217146,11.611011,9.064193
113,96,46214,46028,W. Coast,279.6811740909957,0.8480667335643702,6,8.5794325,11.599601,9.055286
96,114,46028,46215,W. Coast,112.90537642154138,0.8918636409916699,3,3.3779843,11.893108,9.284414
96,115,46028,46218,W. Coast,177.84665297366172,0.893574520692428,4,5.3347473,11.862336,9.260392
96,116,46028,46219,W. Coast,336.84538035711245,0.783340759847477,7,10.030461,11.949453,9.328401
96,117,46028,46221,W. Coast,365.065240009292,0.5055131385899992,6,10.482654,12.3918915,9.673792
96,118,46028,46222,W. Coast,405.6580288915774,0.5488878635082638,7,12.23957,11.793218,9.206434
96,119,46028,46224,W. Coast,497.2906374430755,0.476438662180562,9,13.9399605,12.693666,9.909374
96,120,46028,46225,W. Coast,519.872880873744,0.5793584080769127,11,14.702996,12.58142,9.821749
121,96,46229,46028,W. Coast,918.7477810950593,0.45753427884932857,17,28.71917,11.383158,8.886319
96,122,46028,46232,W. Coast,547.5020835744571,0.601841388975206,11,15.48809,12.578425,9.81941
96,123,46028,46235,W. Coast,561.5745264835855,0.6273276069541276,12,16.242134,12.302763,9.604214
124,96,46237,46028,W. Coast,234.46532194184883,0.8104905897221749,5,6.832563,12.210497,9.532186
126,96,46240,46028,W. Coast,95.96327748817654,0.832005135774485,1,2.9557712,11.552411,9.018447
127,96,46243,46028,W. Coast,1177.0357989662825,0.44828103403493913,20,36.698055,11.412609,8.90931
128,96,46244,46028,W. Coast,609.6307399579076,0.621322312238669,11,19.189352,11.304333,8.824784
129,96,46248,46028,W. Coast,1175.627237820925,0.46684643631817807,21,36.741756,11.385393,8.888064
96,130,46028,46251,W. Coast,307.63746143874215,0.5536210697214908,4,8.970675,12.202601,9.526022
96,131,46028,46253,W. Coast,417.97515585868223,0.5017082215055527,7,12.235162,12.155677,9.489389
96,132,46028,46254,W. Coast,533.4336948533853,0.5213921993974077,11,17.581404,10.79606,8.427998
96,133,46028,46256,W. Coast,408.46243302556354,0.37077724419743197,8,11.1056,13.087252,10.216628
96,134,46028,46258,W. Coast,524.961080172704,0.5944880110386491,11,14.736556,12.675627,9.895291
96,135,46028,46259,W. Coast,116.07084807507128,0.9227306848286606,2,3.515072,11.749714,9.172473
96,136,46028,46266,W. Coast,526.4566068336196,0.5915261513459045,11,15.063676,12.435693,9.707986
137,96,46267,46028,W. Coast,1386.751202833619,0.2354599635119144,24,47.320747,10.427623,8.140376
96,138,46028,46268,W. Coast,359.51391725292297,0.4226368494815398,5,10.253805,12.475816,9.739308
96,139,46028,ljpc1,W. Coast,534.2349201283852,0.5525141307331415,12,18.13104,10.484505,8.184781
98,97,46041,46029,W. Coast,135.03036985006696,0.9146846834003398,1,4.3871417,10.951867,8.54963
97,100,46029,46050,W. Coast,163.35893980412305,0.9046093957775617,1,5.368466,10.827572,8.452598
97,101,46029,46053,W. Coast,1380.8470847031224,0.30716750183794606,26,47.297283,10.388378,8.109739
97,102,46029,46054,W. Coast,1363.6755994282034,0.3923197751494855,25,43.55092,11.141717,8.697837
97,103,46029,46069,W. Coast,1435.5592492326798,0.4122821310732231,26,44.523293,11.472873,8.956356
105,97,46088,46029,W. Coast,262.74800816496554,0.38161898060197263,1,11.065132,8.449308,6.595995
106,97,46089,46029,W. Coast,103.8087261490081,0.9281183260973002,2,3.3725953,10.952367,8.55002
97,107,46029,46097,W. Coast,168.5473881966843,0.8929489479702768,1,5.518104,10.868523,8.484567
97,108,46029,46098,W. Coast,199.79054540511697,0.8737302888999541,0,6.593746,10.781546,8.416668
97,109,46029,46099,W. Coast,93.51256365381744,0.9291044142456857,0,3.0663342,10.851476,8.471259
110,97,46100,46029,W. Coast,85.6079565204656,0.9307366242814274,1,2.7993767,10.881558,8.494743
97,111,46029,46211,W. Coast,81.40432592210485,0.9263571513752126,0,2.6277184,11.023183,8.605303
97,112,46029,46213,W. Coast,651.5580611830607,0.5839018032463287,9,20.595911,11.256683,8.787586
97,113,46029,46214,W. Coast,916.2680996044328,0.46580365945075697,14,29.002848,11.241397,8.775653
97,114,46029,46215,W. Coast,1254.846679074271,0.41287259446076396,23,38.55206,11.5819435,9.041502
97,115,46029,46218,W. Coast,1337.995637690708,0.42762622130705935,24,41.21597,11.551211,9.017511
97,116,46029,46219,W. Coast,1489.4909906368068,0.3906305634251334,26,45.499584,11.648469,9.093435
97,117,46029,46221,W. Coast,1453.8203285282368,0.19568027781144148,28,42.601753,12.142879,9.479399
97,118,46029,46222,W. Coast,1489.3678834567281,0.21616389983890932,28,46.193714,11.472484,8.956052
97,121,46029,46229,W. Coast,264.2188285360597,0.8415984322408931,1,8.554689,10.990004,8.579402
97,124,46029,46237,W. Coast,942.3344446037156,0.48517815404489684,15,28.09836,11.933352,9.315831
97,125,46029,46239,W. Coast,1108.5087516702597,0.4668795675782936,19,34.361275,11.47911,8.961225
97,126,46029,46240,W. Coast,1080.6352934963588,0.4362192669375486,21,34.34163,11.196869,8.740891
97,128,46029,46244,W. Coast,584.1206497332875,0.6300003988080932,9,19.02511,10.924804,8.528503
97,130,46029,46251,W. Coast,1438.7500286388838,0.23942706857719748,25,42.90755,11.93136,9.314276
97,131,46029,46253,W. Coast,1497.340115231773,0.1900238234765827,32,44.85355,11.87851,9.273019
97,133,46029,46256,W. Coast,1483.7401989746566,0.10675426872797014,25,40.863377,12.919984,10.08605
97,135,46029,46259,W. Coast,1289.9636133970664,0.40101807853711563,23,40.183155,11.422779,8.91725
97,137,46029,46267,W. Coast,235.18539237292742,0.4225152587563611,2,8.44277,9.912056,7.737896
97,138,46029,46268,W. Coast,1438.5705811033963,0.139901402715278,32,41.831604,12.236719,9.552656
98,100,46041,46050,W. Coast,297.64088739644814,0.834633485726996,2,9.68395,10.9365,8.537633
98,102,46041,46054,W. Coast,1497.3530463013435,0.4053466302914173,25,47.413967,11.237152,8.772339
105,98,46088,46041,W. Coast,159.46004181098033,0.4065435544498401,2,6.512347,8.712699,6.801612
106,98,46089,46041,W. Coast,178.37730315319035,0.8925562053751508,2,5.7331476,11.070948,8.6425905
98,107,46041,46097,W. Coast,303.5361267263747,0.8205869387879284,3,9.839967,10.976278,8.5686865
98,108,46041,46098,W. Coast,331.0853019433977,0.794963597006112,1,10.804603,10.903588,8.511941
98,112,46041,46213,W. Coast,785.1477074612002,0.5488101862547794,10,24.619041,11.347981,8.858858
98,113,46041,46214,W. Coast,1051.2488835769657,0.4953831945256634,15,33.0038,11.333915,8.8478775
98,114,46041,46215,W. Coast,1388.6866626858434,0.4230917856105453,23,42.38449,11.65831,9.101118
98,115,46041,46218,W. Coast,1471.9753937065411,0.4520339848232266,25,45.044113,11.627888,9.077369
98,121,46041,46229,W. Coast,398.352192303723,0.7612588233028394,3,12.775889,11.09467,8.66111
98,124,46041,46237,W. Coast,1077.2340734246952,0.46835499123216023,15,31.95041,11.996983,9.365504
98,125,46041,46239,W. Coast,1243.2712044941209,0.47627533518261245,20,38.273685,11.558566,9.0232525
98,126,46041,46240,W. Coast,1215.1982667182847,0.45011903035587386,21,38.30257,11.289054,8.812857
98,127,46041,46243,W. Coast,134.6890387516512,0.8987379147802842,1,4.302606,11.138815,8.695572
98,128,46041,46244,W. Coast,718.515706769434,0.608653946771756,10,23.18744,11.026097,8.607577
98,129,46041,46248,W. Coast,135.75633944362622,0.9178614119247949,0,4.3519654,11.099747,8.665072
98,135,46041,46259,W. Coast,1424.526303899794,0.4355206260275666,24,44.057827,11.504976,8.981418
98,137,46041,46267,W. Coast,124.66404727239603,0.4582208444063961,3,4.4088855,10.061222,7.8543434
100,99,46050,46047,W. Coast,1430.2695082876478,0.42563373048871445,28,44.512665,11.433327,8.925484
101,99,46053,46047,W. Coast,205.25519381213488,0.7902257920121696,4,6.6204824,11.031712,8.61196
102,99,46054,46047,W. Coast,223.83262913296414,0.8722039683933214,4,6.801073,11.710738,9.142047
103,99,46069,46047,W. Coast,152.1226818328739,0.9076599306890152,3,4.5058856,12.01302,9.378024
99,104,46047,46086,W. Coast,141.61720463070083,0.8563817366724793,2,4.078658,12.354837,9.644866
107,99,46097,46047,W. Coast,1420.1419837240821,0.4072654894625297,27,44.0461,11.472621,8.956159
108,99,46098,46047,W. Coast,1410.1934908766316,0.39929820870355787,28,43.82466,11.449815,8.938355
112,99,46213,46047,W. Coast,991.6520605048091,0.4892089081443041,19,29.860914,11.816655,9.224731
113,99,46214,46047,W. Coast,710.590589471996,0.6460896817945102,15,21.416077,11.80641,9.216733
114,99,46215,46047,W. Coast,333.0543363711512,0.8036008178937676,7,9.796788,12.096779,9.443411
115,99,46218,46047,W. Coast,253.96135829742175,0.8715326841009661,5,7.49087,12.063511,9.41744
116,99,46219,46047,W. Coast,95.80601971603956,0.9272838789867531,3,2.8054125,12.151627,9.486228
117,99,46221,46047,W. Coast,180.65932685864504,0.6735898067054632,1,5.102314,12.598869,9.83537
99,118,46047,46222,W. Coast,175.05867249347557,0.7282375909977389,0,5.1932607,11.994493,9.363561
99,119,46047,46224,W. Coast,210.52595262715198,0.6354160563819989,2,5.8053303,12.903783,10.073402
99,120,46047,46225,W. Coast,208.6790337711274,0.7333083611490754,3,5.8054442,12.790328,9.984834
121,99,46229,46047,W. Coast,1335.8898533658937,0.39920963023801287,26,41.00806,11.591504,9.048965
99,122,46047,46232,W. Coast,198.25165385068692,0.7820842347775863,4,5.515695,12.78954,9.984219
99,123,46047,46235,W. Coast,222.53835924948118,0.797950554900959,4,6.3268914,12.515635,9.770392
124,99,46237,46047,W. Coast,660.2086668713936,0.6744363815627313,15,18.914377,12.420169,9.695868
125,99,46239,46047,W. Coast,496.15440951816515,0.7527736151560839,10,14.713936,11.998484,9.366676
126,99,46240,46047,W. Coast,515.8565814098978,0.7346109071471919,9,15.61595,11.754358,9.176099
128,99,46244,46047,W. Coast,1035.7893882736496,0.49820920553760795,19,32.046494,11.500833,8.978183
130,99,46251,46047,W. Coast,150.25033668597277,0.7575658865850787,4,4.308926,12.407514,9.685987
99,131,46047,46253,W. Coast,180.27735883542638,0.6792114315596681,0,5.189775,12.360356,9.649175
99,132,46047,46254,W. Coast,218.16659528146374,0.7060704944434102,4,7.0659537,10.986411,8.576596
99,133,46047,46256,W. Coast,189.1424477203233,0.49298514470011845,0,5.0596066,13.3018055,10.384122
99,134,46047,46258,W. Coast,193.99913338687864,0.7491520937593816,3,5.3570557,12.8858185,10.059379
135,99,46259,46047,W. Coast,318.49742210855214,0.8392452078703144,7,9.482787,11.951112,9.329695
99,136,46047,46266,W. Coast,219.46400534033174,0.7507667260319156,4,6.1765256,12.643212,9.869987
138,99,46268,46047,W. Coast,199.3361566857603,0.5700629264229928,2,5.5921626,12.683661,9.901564
99,139,46047,ljpc1,W. Coast,219.05379398411918,0.7310716926482173,5,7.3030586,10.672946,8.331889
100,101,46050,46053,W. Coast,1227.4920851290417,0.3498127848882539,24,41.919884,10.419264,8.13385
100,102,46050,46054,W. Coast,1208.0647919920316,0.4414337728355686,23,38.684982,11.111844,8.674517
100,103,46050,46069,W. Coast,1280.1174620902616,0.4523000037895491,25,39.900543,11.415879,8.911863
100,104,46050,46086,W. Coast,1465.8966913923273,0.3481382071108617,28,44.275463,11.780904,9.196821
105,100,46088,46050,W. Coast,419.22381669389927,0.3553845433132408,2,17.164371,8.690732,6.784464
106,100,46089,46050,W. Coast,171.19595421989771,0.8942867558753314,4,5.5704103,10.935652,8.536971
109,100,46099,46050,W. Coast,256.76104817452557,0.8479049028608192,1,8.424763,10.844506,8.465818
110,100,46100,46050,W. Coast,243.79605282052432,0.8574225919188334,2,7.9790034,10.872173,8.487416
111,100,46211,46050,W. Coast,243.23880391374468,0.8455474323081257,1,7.866277,11.0027685,8.589366
100,112,46050,46213,W. Coast,488.23532134898693,0.670743472149901,7,15.487323,11.217373,8.756899
100,113,46050,46214,W. Coast,754.181147757656,0.5258271811057936,12,23.953917,11.203081,8.745741
100,114,46050,46215,W. Coast,1098.8711683125343,0.46537374458932596,21,33.947742,11.517923,8.991525
100,115,46050,46218,W. Coast,1181.5043444209891,0.4735333626026199,22,36.588352,11.490287,8.96995
100,116,46050,46219,W. Coast,1334.7205308150058,0.42813576367907863,25,41.013138,11.579923,9.039925
100,117,46050,46221,W. Coast,1304.719936712087,0.2422913434291165,27,38.573208,12.035659,9.395698
100,118,46050,46222,W. Coast,1341.2025955239624,0.2597730329404972,28,41.798683,11.417476,8.91311
100,119,46050,46224,W. Coast,1415.923073450321,0.20365859252187601,31,40.80615,12.346744,9.638547
100,120,46050,46225,W. Coast,1443.9319372351465,0.28754889630560937,31,42.006775,12.231106,9.548274
100,121,46050,46229,W. Coast,100.85996739247312,0.9311394047976101,1,3.2709823,10.9718275,8.565212
100,122,46050,46232,W. Coast,1485.3492650497262,0.2995705135392114,31,43.23613,12.224191,9.542876
100,123,46050,46235,W. Coast,1489.2089408572685,0.31452029600322795,29,44.411285,11.931655,9.314506
100,124,46050,46237,W. Coast,782.4949898564985,0.5357182804459159,12,23.515427,11.840418,9.243281
100,125,46050,46239,W. Coast,949.3039293555146,0.5159258384435252,17,29.56876,11.423799,8.918045
100,126,46050,46240,W. Coast,922.3462912445644,0.4677391426872022,19,29.400475,11.162926,8.714394
100,127,46050,46243,W. Coast,173.7065488782577,0.881335910410172,0,5.6092596,11.019174,8.602173
100,128,46050,46244,W. Coast,420.8979907365958,0.7169362864945653,7,13.72403,10.912734,8.51908
129,100,46248,46050,W. Coast,161.88504202002272,0.909658412722895,1,5.247242,10.977767,8.569849
100,130,46050,46251,W. Coast,1285.7974513259244,0.275438242771712,26,38.639706,11.840693,9.243497
100,131,46050,46253,W. Coast,1349.6673315069695,0.24014245124240627,29,40.727036,11.791859,9.205374
100,132,46050,46254,W. Coast,1455.148241635614,0.24226336964197762,34,49.832516,10.390412,8.111327
100,133,46050,46256,W. Coast,1336.2276219657838,0.17017447901971122,28,37.285816,12.751907,9.95484
100,134,46050,46258,W. Coast,1458.7549507399435,0.29853726002801695,30,42.10547,12.327704,9.623684
100,135,46050,46259,W. Coast,1131.5005124964175,0.45940403213188163,21,35.405823,11.371517,8.877232
100,136,46050,46266,W. Coast,1445.6244462768311,0.29217873604926414,30,42.579754,12.080662,9.430829
137,100,46267,46050,W. Coast,394.84194293753905,0.3653852655717012,1,14.072379,9.983759,7.7938714
100,138,46050,46268,W. Coast,1290.0445824041258,0.19289629576810355,27,37.867126,12.12218,9.463241
100,139,46050,ljpc1,W. Coast,1455.6215263638137,0.27177348617103914,33,51.45457,10.066137,7.8581805
101,104,46053,46086,W. Coast,256.6252568157106,0.7812911978477148,6,8.023995,11.380126,8.883952
106,101,46089,46053,W. Coast,1393.7883563840742,0.3237293441564705,28,47.33559,10.477252,8.179119
107,101,46097,46053,W. Coast,1216.997614446137,0.33100256688564184,22,41.42008,10.454835,8.161619
108,101,46098,46053,W. Coast,1208.5581594454854,0.33172407571626294,24,41.595264,10.338606,8.070885
109,101,46099,46053,W. Coast,1471.1763614547806,0.3104622205435142,25,50.270264,10.413384,8.129261
110,101,46100,46053,W. Coast,1466.0596365978226,0.299292656841168,27,49.92124,10.449719,8.157625
111,101,46211,46053,W. Coast,1450.1133231374367,0.3153086465163788,22,48.682045,10.599161,8.274288
112,101,46213,46053,W. Coast,799.8530769745005,0.39716161424633545,16,26.323402,10.812012,8.440452
113,101,46214,46053,W. Coast,524.4072340961734,0.5518830613296062,12,17.285135,10.795288,8.427396
114,101,46215,46053,W. Coast,141.37040126297288,0.7333855459569736,4,4.5237927,11.119728,8.680671
115,101,46218,46053,W. Coast,89.10653156883534,0.7570035783305736,2,2.857307,11.096627,8.662638
101,116,46053,46219,W. Coast,113.5092903697545,0.8111405769098988,2,3.6109567,11.185296,8.731857
101,117,46053,46221,W. Coast,118.67708799015415,0.6979718896849731,3,3.628922,11.636639,9.084201
101,118,46053,46222,W. Coast,157.51671323350496,0.739602365284323,5,5.0847754,11.022833,8.60503
101,119,46053,46224,W. Coast,249.30558379186883,0.566316766108563,6,7.426503,11.944994,9.32492
101,120,46053,46225,W. Coast,269.9094312675699,0.6698660290187767,7,8.118114,11.83045,9.235499
121,101,46229,46053,W. Coast,1134.1218038889901,0.327462996098643,23,38.220955,10.558361,8.242437
101,122,46053,46232,W. Coast,295.49215999522227,0.7121164691070194,7,8.895983,11.8192625,9.226767
101,123,46053,46235,W. Coast,310.28714170770814,0.7444788850074426,8,9.583863,11.520241,8.993334
124,101,46237,46053,W. Coast,467.03300445763995,0.6288234544929471,11,14.5338955,11.43415,8.9261265
125,101,46239,46053,W. Coast,310.92493840364415,0.6554313863144434,7,10.029836,11.030624,8.611112
126,101,46240,46053,W. Coast,324.0723412698782,0.6514889055739386,4,10.712723,10.764169,8.403102
127,101,46243,46053,W. Coast,1379.1934667994065,0.3307353202641723,25,46.2009,10.622166,8.292247
128,101,46244,46053,W. Coast,839.4443850797701,0.3966475207006224,15,28.38817,10.521868,8.213949
129,101,46248,46053,W. Coast,1382.4882819027039,0.33548577963732795,25,46.54927,10.567857,8.24985
101,131,46053,46253,W. Coast,170.33911959338135,0.6509263758444596,5,5.3192596,11.394665,8.895303
101,132,46053,46254,W. Coast,283.55286067755856,0.6666203242798512,10,10.083682,10.005834,7.8111043
101,133,46053,46256,W. Coast,163.04550094669165,0.42560600703160584,3,4.6991897,12.345942,9.637921
101,134,46053,46258,W. Coast,273.4606342712814,0.6809990974505402,7,8.159291,11.925613,9.30979
135,101,46259,46053,W. Coast,162.09711504542202,0.7103251134167582,3,5.254896,10.976135,8.568575
101,136,46053,46266,W. Coast,277.2737824199074,0.7021527556780783,8,8.446256,11.681079,9.118893
101,138,46053,46268,W. Coast,118.97299389088626,0.5692704352836728,1,3.6113522,11.722408,9.151157
101,139,46053,ljpc1,W. Coast,284.393970777732,0.6970204148603678,10,10.452249,9.681642,7.558022
102,104,46054,46086,W. Coast,300.00148061257755,0.7860955046839023,7,8.8571615,12.052223,9.408628
106,102,46089,46054,W. Coast,1372.5154100860686,0.4072974756691417,27,43.366974,11.261505,8.79135
107,102,46097,46054,W. Coast,1198.2845912070657,0.4282946128429427,23,38.239666,11.150241,8.704492
108,102,46098,46054,W. Coast,1187.2310492199942,0.4295302361862839,24,38.06643,11.097661,8.6634445
109,102,46099,46054,W. Coast,1454.8842629143849,0.4078377388317779,23,46.418545,11.152577,8.706316
110,102,46100,46054,W. Coast,1448.5009393217154,0.3977306801318871,24,46.128063,11.17357,8.722703
111,102,46211,46054,W. Coast,1434.5802657733752,0.40717256244643113,22,45.21937,11.288564,8.812473
112,102,46213,46054,W. Coast,768.5329273778349,0.5436768498175236,16,23.777687,11.500885,8.978223
113,102,46214,46054,W. Coast,488.8743989529346,0.7367063095695557,11,15.14158,11.488529,8.968578
114,102,46215,46054,W. Coast,109.4088212471079,0.8785158782346657,3,3.3015416,11.791632,9.205196
102,116,46054,46219,W. Coast,128.16179318943097,0.8887974670856453,2,3.8483183,11.850206,9.250923
102,117,46054,46221,W. Coast,174.46835870479921,0.6208679432072599,3,5.046446,12.301821,9.603478
102,118,46054,46222,W. Coast,211.8108507052511,0.6657610208537011,4,6.4470367,11.69032,9.126107
102,119,46054,46224,W. Coast,302.6730130497571,0.5574321716396289,6,8.540827,12.609914,9.843992
102,120,46054,46225,W. Coast,321.6017327404401,0.6671777195032723,7,9.158172,12.495336,9.754546
121,102,46229,46054,W. Coast,1113.0267995445104,0.4194730581490646,21,35.156685,11.265126,8.794177
102,122,46054,46232,W. Coast,343.44543718763424,0.7067374594595812,8,9.783335,12.491345,9.751431
102,123,46054,46235,W. Coast,360.0254788272558,0.7396646347309185,8,10.493877,12.207749,9.530041
124,102,46237,46054,W. Coast,436.55628688474627,0.7556143963192701,9,12.822505,12.114506,9.45725
125,102,46239,46054,W. Coast,273.9912037236818,0.8380487784853957,6,8.33595,11.695529,9.130174
126,102,46240,46054,W. Coast,292.2024581749171,0.791473022320844,5,9.086444,11.442694,8.9327965
127,102,46243,46054,W. Coast,1363.24213913268,0.4134294880431592,23,42.927124,11.30003,8.8214245
128,102,46244,46054,W. Coast,811.9721224555693,0.5436970023757927,15,25.817415,11.190944,8.736266
129,102,46248,46054,W. Coast,1364.9053028247415,0.42362279079322046,25,43.099968,11.268443,8.796766
102,130,46054,46251,W. Coast,100.39383075064025,0.7021110471417135,1,2.950198,12.108607,9.452645
102,131,46054,46253,W. Coast,224.7402231330853,0.5974927941100321,5,6.6305714,12.06058,9.415153
102,132,46054,46254,W. Coast,335.2253545207026,0.6224767906165969,9,11.176613,10.672471,8.331518
102,133,46054,46256,W. Coast,218.5367455531054,0.4300268838497821,4,5.976292,13.011608,10.1575775
102,134,46054,46258,W. Coast,323.039662976404,0.6867600029015273,7,9.128943,12.591391,9.829532
135,102,46259,46054,W. Coast,108.96872688620267,0.8965187292161357,3,3.3294952,11.645599,9.091195
102,136,46054,46266,W. Coast,329.59487899787945,0.6921675673453624,8,9.498935,12.346501,9.638358
102,138,46054,46268,W. Coast,176.16507874290173,0.510892262724072,1,5.0602784,12.387504,9.670366
102,139,46054,ljpc1,W. Coast,336.09828712023335,0.6534329820495798,10,11.551046,10.353408,8.082439
103,104,46069,46086,W. Coast,241.60116497448624,0.8230626268975451,6,6.958844,12.353791,9.644049
106,103,46089,46069,W. Coast,1444.6314172256796,0.4320279388186343,28,44.2856,11.607345,9.061332
107,103,46097,46069,W. Coast,1270.2913102424209,0.4383444316192914,24,39.456276,11.455803,8.94303
108,103,46098,46069,W. Coast,1259.346037767894,0.4385455196600643,25,39.201176,11.431002,8.923669
112,103,46213,46069,W. Coast,839.6040986036755,0.5313880636283846,17,25.305061,11.806075,9.216472
113,103,46214,46069,W. Coast,558.9768279939256,0.6960203028143002,12,16.862146,11.79558,9.208279
114,103,46215,46069,W. Coast,181.52049266104086,0.8517215446487341,4,5.341848,12.091287,9.439123
115,103,46218,46069,W. Coast,102.0288577140685,0.9038774371775867,2,3.0109513,12.05751,9.412756
103,117,46069,46221,W. Coast,148.34519563056085,0.6451322211428027,2,4.188636,12.601994,9.83781
103,118,46069,46222,W. Coast,177.1646163432247,0.6948799125514029,3,5.258895,11.987286,9.357934
103,119,46069,46224,W. Coast,261.1769015617431,0.5862218665742154,5,7.1974087,12.912102,10.079897
103,120,46069,46225,W. Coast,275.5943413765737,0.6983303349890785,6,7.6632004,12.796714,9.989819
121,103,46229,46069,W. Coast,1185.1372621636594,0.4311363992741426,22,36.427322,11.576565,9.037304
103,122,46069,46232,W. Coast,290.17932931697624,0.7389642141430984,7,8.069213,12.795982,9.989248
103,123,46069,46235,W. Coast,309.377208875858,0.7628343134571022,7,8.79453,12.517398,9.77177
124,103,46237,46069,W. Coast,508.09370803100694,0.7316110551403862,11,14.556332,12.420248,9.695929
125,103,46239,46069,W. Coast,344.2969274007065,0.8034989015555616,7,10.216511,11.991373,9.361126
126,103,46240,46069,W. Coast,363.74797482538685,0.760688352231256,6,11.022123,11.742854,9.167118
127,103,46243,46069,W. Coast,1434.9829833443284,0.4179618027984971,24,44.0219,11.598887,9.054729
128,103,46244,46069,W. Coast,883.7528805560562,0.5377253963189355,16,27.379965,11.48514,8.965932
129,103,46248,46069,W. Coast,1436.8297458225397,0.43459581999956365,25,44.161266,11.577163,9.03777
103,131,46069,46253,W. Coast,189.57569423921353,0.6313943047949891,3,5.4578695,12.359413,9.6484375
103,132,46069,46254,W. Coast,288.845299758701,0.6463171412248834,7,9.375935,10.961983,8.557527
103,133,46069,46256,W. Coast,187.52823331375518,0.471886931224007,3,5.0107307,13.316925,10.395924
103,134,46069,46258,W. Coast,272.8878135730925,0.7182631130614097,6,7.5307837,12.893842,10.065642
135,103,46259,46069,W. Coast,170.0996748983921,0.876131824241903,4,5.067845,11.943139,9.323471
103,136,46069,46266,W. Coast,284.7881540662265,0.7184438320274339,6,8.012527,12.647094,9.873017
103,138,46069,46268,W. Coast,157.6122972070246,0.5425393317357353,0,4.4200516,12.6882305,9.905131
103,139,46069,ljpc1,W. Coast,289.7663652079777,0.6794076757527623,8,9.687801,10.642927,8.3084545
107,104,46097,46086,W. Coast,1454.29713740336,0.3356089024912625,27,43.775467,11.821176,9.22826
108,104,46098,46086,W. Coast,1449.9488978501615,0.3410210020645942,30,43.61269,11.829821,9.235008
112,104,46213,46086,W. Coast,1053.458050047281,0.4255557580799602,21,30.830284,12.158445,9.491551
113,104,46214,46086,W. Coast,780.574312195059,0.5568357930717728,16,22.8592,12.150429,9.485292
114,104,46215,46086,W. Coast,397.9892289529696,0.7334127791878248,10,11.395313,12.427488,9.701581
115,104,46218,46086,W. Coast,334.6657919289197,0.7653629334017493,7,9.61039,12.391067,9.673148
116,104,46219,46086,W. Coast,191.5398873011375,0.8483139486878682,5,5.4618306,12.478414,9.741336
117,104,46221,46086,W. Coast,161.1774688954611,0.8184329267564916,3,4.4384966,12.921318,10.087091
118,104,46222,46086,W. Coast,126.2515717226298,0.851284874287243,2,3.6451893,12.324096,9.620867
104,119,46086,46224,W. Coast,91.23912562268677,0.7925441352556015,1,2.4552038,13.22306,10.322647
121,104,46229,46086,W. Coast,1375.462759024371,0.3352632837378096,27,40.975456,11.944373,9.324435
104,123,46086,46235,W. Coast,80.95145344104726,0.9070932614552211,2,2.2416883,12.8495455,10.031062
124,104,46237,46086,W. Coast,721.2407768828585,0.6344461937978361,17,20.125757,12.751651,9.954639
125,104,46239,46086,W. Coast,567.5397914699895,0.6711907947659843,12,16.382662,12.326797,9.622975
126,104,46240,46086,W. Coast,579.6786700297305,0.6462733800748705,10,17.058329,12.091751,9.4394865
128,104,46244,46086,W. Coast,1089.7290064833114,0.43498865320888597,21,32.760136,11.836168,9.2399645
130,104,46251,46086,W. Coast,200.59380242675604,0.83234154167004,6,5.6061645,12.731807,9.939149
131,104,46253,46086,W. Coast,120.05103611794284,0.8158236150806424,1,3.367405,12.685539,9.903029
104,132,46086,46254,W. Coast,81.99806713359962,0.8055960697214979,2,2.5761836,11.325703,8.841467
133,104,46256,46086,W. Coast,133.95064323619982,0.635851044031967,2,3.500154,13.6174555,10.630535
135,104,46259,46086,W. Coast,407.90606880168957,0.7162149021375909,9,11.8175,12.282108,9.588089
104,136,46086,46266,W. Coast,86.36484584667103,0.8652581333193975,2,2.3702366,12.965332,10.121451
138,104,46268,46086,W. Coast,176.34213860129103,0.7254698608850458,3,4.824771,13.005222,10.152592
104,139,46086,ljpc1,W. Coast,82.75931814998168,0.8233927944651777,3,2.6727238,11.017961,8.601226
105,106,46088,46089,W. Coast,333.4544457009416,0.33998154525113133,1,14.022033,8.4618225,6.605764
105,107,46088,46097,W. Coast,419.5653363919119,0.34804776481690947,2,17.105873,8.727557,6.8132114
105,108,46088,46098,W. Coast,460.09082601588256,0.3130125341977538,1,19.57398,8.363783,6.529229
105,109,46088,46099,W. Coast,182.03689386649927,0.3992595242214165,2,7.593564,8.53006,6.6590343
105,110,46088,46100,W. Coast,212.20821569915475,0.39687661420590337,1,8.751058,8.6285925,6.7359543
105,111,46088,46211,W. Coast,182.3847667664027,0.3977780163140696,2,7.2652144,8.932612,6.9732885
105,112,46088,46213,W. Coast,902.7364611535078,0.23386212779721152,21,34.883495,9.208297,7.1885033
105,113,46088,46214,W. Coast,1155.3252721025467,0.27234756512436153,25,44.812817,9.173613,7.1614265
105,114,46088,46215,W. Coast,1472.2047936628876,0.19896496951199857,32,54.27273,9.652168,7.5350137
105,121,46088,46229,W. Coast,517.9291536766474,0.30175848008654793,3,20.882437,8.825261,6.889484
105,124,46088,46237,W. Coast,1173.2665330631567,0.20443933459489702,28,41.6154,10.031848,7.8314123
105,125,46088,46239,W. Coast,1336.0825052739249,0.24141869384885278,30,49.7395,9.558071,7.461556
105,126,46088,46240,W. Coast,1305.7699344991636,0.2289375511015192,26,50.624943,9.177839,7.1647263
105,127,46088,46243,W. Coast,246.06376241934447,0.3976246758939241,2,9.730794,8.9978285,7.0242
105,128,46088,46244,W. Coast,832.0664305953342,0.2703945724683302,22,33.279037,8.896631,6.9451995
105,129,46088,46248,W. Coast,268.23576720345005,0.37777874529404654,0,10.776094,8.857142,6.914373
106,107,46089,46097,W. Coast,185.78400140801838,0.8753442422942831,4,6.021314,10.978812,8.570665
106,108,46089,46098,W. Coast,185.30241188187486,0.881995231618537,3,6.049381,10.899548,8.508786
106,109,46089,46099,W. Coast,151.75679717046575,0.8989152733513677,2,4.9228673,10.969033,8.563031
106,110,46089,46100,W. Coast,121.62702816848075,0.9185706670584826,1,3.9352279,10.997617,8.585344
106,111,46089,46211,W. Coast,158.757702637837,0.8877661936561743,3,5.071498,11.1387615,8.69553
106,112,46089,46213,W. Coast,632.7447208015684,0.616395693067512,10,19.781385,11.381782,8.885244
106,113,46089,46214,W. Coast,908.6779272473326,0.4928403380779767,16,28.445349,11.366769,8.873526
106,114,46089,46215,W. Coast,1263.1370452507033,0.43992604792698975,26,38.36092,11.716552,9.1465845
106,115,46089,46218,W. Coast,1345.1036094805079,0.4400550555666096,27,40.967674,11.682959,9.120359
106,116,46089,46219,W. Coast,1499.7748687013077,0.4054041263922209,28,45.286366,11.784114,9.199327
106,117,46089,46221,W. Coast,1473.3556499980073,0.22243522609545244,31,42.629074,12.298157,9.600617
106,121,46089,46229,W. Coast,259.6709007311463,0.844739629727814,4,8.318494,11.107516,8.671138
106,124,46089,46237,W. Coast,942.47067202799,0.5111441560645512,17,27.751696,12.084167,9.433565
106,125,46089,46239,W. Coast,1109.8182415599263,0.4863495410795184,22,34.019722,11.608054,9.061886
106,126,46089,46240,W. Coast,1084.3000633399279,0.4514891977279204,23,34.091118,11.317399,8.834984
106,127,46089,46243,W. Coast,133.91748009010072,0.8943407887351382,3,4.271863,11.154711,8.707981
106,128,46089,46244,W. Coast,571.7470953776523,0.6667771271242956,11,18.440187,11.032578,8.6126375
106,129,46089,46248,W. Coast,93.52917080015625,0.9362123421998773,2,2.9947321,11.1129,8.675342
106,130,46089,46251,W. Coast,1452.3124221402759,0.25952466636321275,27,42.785347,12.078231,9.428931
106,135,46089,46259,W. Coast,1292.7320489129638,0.4197903266261432,25,39.824165,11.550484,9.016943
106,137,46089,46267,W. Coast,300.58361965822166,0.4043902809562624,4,10.712568,9.984126,7.794158
106,138,46089,46268,W. Coast,1458.9346729261415,0.17163617881952603,32,41.879696,12.395688,9.676756
109,107,46099,46097,W. Coast,261.9905352897809,0.8410181737968069,2,8.5645685,10.884749,8.497234
110,107,46100,46097,W. Coast,251.23582203344114,0.8472799529040713,3,8.192717,10.911689,8.518265
111,107,46211,46097,W. Coast,246.67573817252418,0.836790661960232,2,7.9498672,11.040912,8.619143
107,112,46097,46213,W. Coast,484.8430534172034,0.6461406491743764,6,15.326446,11.256363,8.787336
107,113,46097,46214,W. Coast,747.7226260151342,0.518164826500234,11,23.666018,11.242262,8.776328
107,114,46097,46215,W. Coast,1089.1985546487297,0.44814810945107736,21,33.534756,11.557137,9.022137
107,115,46097,46218,W. Coast,1172.033906205211,0.45844858913464215,22,36.173306,11.528965,9.000144
107,116,46097,46219,W. Coast,1324.6809487689063,0.41395502849801064,24,40.567863,11.618967,9.070405
107,117,46097,46221,W. Coast,1293.1246414844557,0.22383339285950318,25,38.101063,12.076516,9.427592
107,118,46097,46222,W. Coast,1329.3999937687931,0.24484687977928235,25,41.291428,11.45603,8.943207
107,119,46097,46224,W. Coast,1403.5488732216224,0.18974916861706104,27,40.31218,12.38881,9.671387
107,120,46097,46225,W. Coast,1431.5947641943535,0.2731324076916652,27,41.50666,12.272715,9.580756
107,121,46097,46229,W. Coast,98.36393065120089,0.9203838746001359,0,3.178738,11.010815,8.595648
107,122,46097,46232,W. Coast,1473.2159387556019,0.2810964109698038,28,42.73599,12.266228,9.575692
107,123,46097,46235,W. Coast,1476.8382573081187,0.29734377073640733,27,43.888523,11.973478,9.347156
107,124,46097,46237,W. Coast,774.4482184251593,0.5165634073411831,11,23.193268,11.881432,9.275299
107,125,46097,46239,W. Coast,940.9525715317394,0.49977012355327916,16,29.210371,11.462227,8.948045
107,126,46097,46240,W. Coast,913.5576323385804,0.4639441316903328,17,29.021076,11.201102,8.744197
127,107,46243,46097,W. Coast,175.7743985046898,0.8714502327129846,1,5.656751,11.056735,8.631495
107,128,46097,46244,W. Coast,416.22592285715314,0.6962134839901107,6,13.526267,10.94938,8.5476885
129,107,46248,46097,W. Coast,168.18432014315937,0.8988560094717755,2,5.4322886,11.016433,8.600034
107,130,46097,46251,W. Coast,1275.196937887913,0.26193480320432194,24,38.19187,11.880774,9.274785
107,131,46097,46253,W. Coast,1337.7568517068755,0.22453326861475392,25,40.23137,11.831799,9.236552
107,132,46097,46254,W. Coast,1442.733597919154,0.22882974365286535,29,49.244114,10.424858,8.138218
107,133,46097,46256,W. Coast,1324.2791000257578,0.1522360102047045,26,36.826168,12.79562,9.988965
107,134,46097,46258,W. Coast,1446.5913287675305,0.28343222156019376,28,41.612453,12.369751,9.6565075
107,135,46097,46259,W. Coast,1122.8247295530084,0.4455871449606029,21,35.01584,11.410005,8.907277
107,136,46097,46266,W. Coast,1433.1815496254512,0.27636577717149596,27,42.0703,12.121711,9.462874
137,107,46267,46097,W. Coast,396.42761704648717,0.37821901635446403,1,14.079573,10.018733,7.821174
107,138,46097,46268,W. Coast,1278.3127997964884,0.1711323894166379,25,37.395683,12.163372,9.495398
107,139,46097,ljpc1,W. Coast,1443.1988716686235,0.2591316576724578,31,50.846615,10.099561,7.884273
109,108,46099,46098,W. Coast,291.7151409428518,0.8165963383256964,1,9.610034,10.80121,8.432019
110,108,46100,46098,W. Coast,274.9882304750186,0.8326108937214116,2,9.032664,10.832697,8.456599
108,111,46098,46211,W. Coast,281.0340426611862,0.8015613349725338,0,9.109087,10.977978,8.570014
108,112,46098,46213,W. Coast,454.7475158686793,0.6956773767897075,7,14.430294,11.213302,8.75372
108,113,46098,46214,W. Coast,726.054543241677,0.5274699471276806,12,23.071878,11.197592,8.741456
108,114,46098,46215,W. Coast,1077.8589184966797,0.4525550697087333,23,33.228695,11.542157,9.010443
108,115,46098,46218,W. Coast,1159.890807830339,0.44913781441125417,23,35.852303,11.511671,8.986644
108,116,46098,46219,W. Coast,1314.473026493645,0.40299128394830896,25,40.287632,11.609628,9.063114
108,117,46098,46221,W. Coast,1288.8713443593028,0.23970448271855396,27,37.878086,12.107652,9.451899
108,118,46098,46222,W. Coast,1325.9481211910993,0.2526744186162495,27,41.270134,11.4321785,8.924587
108,119,46098,46224,W. Coast,1402.3828422010608,0.20598176022331818,29,40.088623,12.447547,9.71724
108,120,46098,46225,W. Coast,1430.2562686102347,0.27872992144018277,32,41.30473,12.321183,9.618593
108,122,46098,46232,W. Coast,1471.0102688233046,0.2995531814858467,33,42.50406,12.314695,9.613528
108,123,46098,46235,W. Coast,1475.6105489319484,0.30832672448538984,31,43.768547,11.996317,9.364985
108,124,46098,46237,W. Coast,757.8936804768895,0.5446076275635731,13,22.670343,11.895659,9.2864065
108,125,46098,46239,W. Coast,925.164800493658,0.5063553153968023,17,28.778519,11.439025,8.929933
108,126,46098,46240,W. Coast,899.3070618084031,0.43681573766864407,19,28.689644,11.153757,8.707236
108,127,46098,46243,W. Coast,214.0480772116236,0.8427559811137387,0,6.9262686,10.996396,8.584392
108,128,46098,46244,W. Coast,390.1638174427606,0.72567313098047,7,12.759767,10.8803425,8.493794
129,108,46248,46098,W. Coast,196.6206270016574,0.8836008245878364,1,6.389258,10.950073,8.548229
108,130,46098,46251,W. Coast,1267.1086566110282,0.26613021586681423,26,37.90555,11.894588,9.28557
108,131,46098,46253,W. Coast,1334.7341098544857,0.2360433417575333,29,40.108265,11.841296,9.243967
108,132,46098,46254,W. Coast,1441.7103269697639,0.21144087722288,33,49.759506,10.309565,8.048213
108,133,46098,46256,W. Coast,1321.4205261474692,0.19808503103017203,32,36.47637,12.890441,10.062987
108,134,46098,46258,W. Coast,1444.5265360868975,0.2964330086608876,31,41.362015,12.426883,9.701108
108,135,46098,46259,W. Coast,1107.9451753101746,0.4400131182476162,21,34.636898,11.381973,8.885395
108,136,46098,46266,W. Coast,1432.2823960416217,0.2808955420525579,29,41.922348,12.156859,9.490314
137,108,46267,46098,W. Coast,434.2632510902356,0.3420592767346752,1,15.676997,9.856632,7.694629
108,138,46098,46268,W. Coast,1274.6159678619213,0.2005472753696117,35,37.168934,12.202187,9.525698
108,139,46098,ljpc1,W. Coast,1442.2087295895276,0.23743663296447148,33,51.55384,9.954179,7.7707796
109,112,46099,46213,W. Coast,744.8142491494033,0.5606101958901606,9,23.525492,11.265425,8.794411
109,113,46099,46214,W. Coast,1009.6643213290807,0.4840349316269526,14,31.933315,11.250487,8.782749
109,114,46099,46215,W. Coast,1346.2370561564296,0.4273826930337358,23,41.35075,11.584478,9.043481
109,115,46099,46218,W. Coast,1429.5438700837992,0.4368264807359898,24,44.024364,11.5542755,9.019903
109,121,46099,46229,W. Coast,357.605644587705,0.7739349324567457,2,11.563407,11.004161,8.590453
109,124,46099,46237,W. Coast,1035.1459907940236,0.48269668353671547,14,30.87607,11.929381,9.312732
109,125,46099,46239,W. Coast,1201.0766892882868,0.4743287842468928,19,37.21649,11.483483,8.964639
109,126,46099,46240,W. Coast,1172.9116028410956,0.42796593490648555,21,37.2418,11.206577,8.748471
109,127,46099,46243,W. Coast,92.23719767149545,0.9130958561334397,1,2.9693084,11.053229,8.628758
109,128,46099,46244,W. Coast,677.605406581328,0.6064828323180191,9,22.040634,10.939342,8.539851
109,129,46099,46248,W. Coast,95.23533742996226,0.9296042996551607,0,3.0778048,11.010203,8.595171
109,135,46099,46259,W. Coast,1382.2351255779367,0.4239030762147981,23,43.036987,11.428215,8.921494
109,137,46099,46267,W. Coast,150.21265823672618,0.444355724472966,3,5.3733006,9.947267,7.7653832
110,112,46100,46213,W. Coast,729.6454142768912,0.5800510319484015,10,23.008125,11.284155,8.8090315
110,113,46100,46214,W. Coast,997.969138822005,0.4930253110274295,15,31.509731,11.269658,8.797715
110,114,46100,46215,W. Coast,1339.57647137642,0.42190500171443723,24,41.104427,11.596243,9.052665
110,115,46100,46218,W. Coast,1422.6132815758072,0.43051752190220716,25,43.76458,11.566513,9.029456
110,121,46100,46229,W. Coast,343.9022632688911,0.7902015389701392,3,11.095247,11.029006,8.609849
110,124,46100,46237,W. Coast,1025.6743849088896,0.4909101943359684,16,30.581192,11.934203,9.316496
110,125,46100,46239,W. Coast,1192.178577633704,0.47854908564251275,20,36.89687,11.497148,8.9753065
110,126,46100,46240,W. Coast,1164.6660882159943,0.42893402904772326,22,36.915287,11.22622,8.763805
110,127,46100,46243,W. Coast,95.29377600970132,0.9050838919758497,1,3.0614,11.075996,8.646532
110,128,46100,46244,W. Coast,663.9390495288967,0.6277791500484983,10,21.547335,10.964101,8.55918
110,129,46100,46248,W. Coast,83.60178110282332,0.9330614791497812,1,2.6958377,11.034691,8.614286
110,135,46100,46259,W. Coast,1373.9628212658472,0.4218917066313757,23,42.72379,11.443097,8.933111
110,137,46100,46267,W. Coast,178.98660644360112,0.4471434873925362,3,6.3720384,9.994947,7.8026056
111,112,46211,46213,W. Coast,731.2338322951705,0.541116675704714,8,22.835226,11.394343,8.895051
111,113,46211,46214,W. Coast,993.1173446604173,0.4845228574519383,13,31.049109,11.381247,8.884827
111,114,46211,46215,W. Coast,1326.1339443228974,0.4147022830129066,20,40.36853,11.689147,9.125192
111,115,46211,46218,W. Coast,1409.5837741781752,0.44938174164006367,22,43.016857,11.659786,9.10227
111,121,46211,46229,W. Coast,343.86900238062344,0.7732112091332005,2,10.969269,11.1545925,8.707889
111,124,46211,46237,W. Coast,1017.002940882299,0.4670763670718871,13,30.125454,12.012322,9.37748
111,125,46211,46239,W. Coast,1182.46408054459,0.47351506054195597,17,36.29159,11.593653,9.050643
111,126,46211,46240,W. Coast,1153.879171445604,0.44560672191372086,19,36.21449,11.337474,8.850656
111,128,46211,46244,W. Coast,662.8968283235655,0.6043915526202686,8,21.277006,11.085973,8.65432
129,111,46248,46211,W. Coast,86.04974890689623,0.926463962921308,1,2.7438898,11.158897,8.711249
111,135,46211,46259,W. Coast,1363.143863461449,0.4308068066159658,21,42.02132,11.542779,9.010928
111,137,46211,46267,W. Coast,153.88203693184232,0.43807067630044805,2,5.3829756,10.171941,7.9407763
112,113,46213,46214,W. Coast,283.43360908378486,0.7475574002386692,5,8.697434,11.59574,9.052273
112,114,46213,46215,W. Coast,660.7919860670935,0.6028017353687684,14,19.763977,11.896763,9.287267
112,115,46213,46218,W. Coast,737.6920641537658,0.5692081560385015,16,22.122744,11.865184,9.262615
112,116,46213,46219,W. Coast,896.4926493686986,0.4831842620990916,18,26.684221,11.954475,9.332321
112,117,46213,46221,W. Coast,896.6365488542998,0.3402078493391143,17,25.713116,12.40795,9.686329
112,118,46213,46222,W. Coast,936.468939880801,0.3410329860092799,18,28.252563,11.794347,9.207315
112,119,46213,46224,W. Coast,1021.9254162696291,0.31261967645960276,18,28.593325,12.717241,9.927778
112,120,46213,46225,W. Coast,1048.2416230517972,0.37980647497410114,22,29.597395,12.602196,9.837968
121,112,46229,46213,W. Coast,387.41797212206916,0.6932779873699352,5,12.120616,11.373482,8.878765
112,122,46213,46232,W. Coast,1083.8880316415755,0.3990998756551338,22,30.610792,12.599352,9.835747
112,123,46213,46235,W. Coast,1093.0558320513621,0.41655112922415777,22,31.57719,12.317065,9.615378
112,124,46213,46237,W. Coast,332.8366191800835,0.6843907074417059,7,9.689841,12.222296,9.541396
112,125,46213,46239,W. Coast,495.7021952441073,0.6858322491591257,11,14.948844,11.799172,9.211083
112,126,46213,46240,W. Coast,476.663322416913,0.59327765795734,12,14.688068,11.547431,9.01456
127,112,46243,46213,W. Coast,660.6173685542669,0.5545000283266707,8,20.61238,11.404079,8.902652
129,112,46248,46213,W. Coast,649.6595364330174,0.6032942655839636,9,20.320757,11.375861,8.880623
112,130,46213,46251,W. Coast,858.4555982854553,0.338770772802214,17,25.009245,12.213936,9.53487
112,131,46213,46253,W. Coast,947.0598113289562,0.3168989718051011,18,27.699577,12.165855,9.497335
112,132,46213,46254,W. Coast,1060.9558100122001,0.300013667126038,22,35.04523,10.772257,8.409416
112,133,46213,46256,W. Coast,934.9048470857113,0.2655741382564436,18,25.35418,13.120676,10.242722
112,134,46213,46258,W. Coast,1058.6681651963083,0.4025588781187694,21,29.664436,12.698782,9.913368
112,135,46213,46259,W. Coast,677.2248285835065,0.5724154549634644,14,20.508902,11.749755,9.172504
112,136,46213,46266,W. Coast,1052.3733075190833,0.3802354206963379,21,30.070414,12.452849,9.721379
137,112,46267,46213,W. Coast,880.948240881959,0.278018559830996,14,30.162655,10.39248,8.112942
112,138,46213,46268,W. Coast,885.429454477546,0.30296580370642257,17,25.216919,12.493964,9.753476
112,139,46213,ljpc1,W. Coast,1061.6045777441498,0.3277343037868,24,36.138832,10.452665,8.159925
113,114,46214,46215,W. Coast,383.39661833459326,0.7951439028278966,9,11.47651,11.887123,9.279742
113,115,46214,46218,W. Coast,456.9590417264548,0.7666742916044238,10,13.715051,11.855454,9.255019
113,116,46214,46219,W. Coast,616.0975208269134,0.6428412976968515,12,18.352324,11.9452915,9.325151
113,117,46214,46221,W. Coast,628.369658586154,0.41236637890479066,12,18.029245,12.401552,9.681334
113,118,46214,46222,W. Coast,668.9604646966071,0.4513458217251995,13,20.199514,11.78414,9.1993475
113,119,46214,46224,W. Coast,757.8325433552563,0.3865413898193874,14,21.211542,12.712746,9.924269
113,120,46214,46225,W. Coast,782.8070635606723,0.48193045728519573,16,22.111904,12.596995,9.833907
121,113,46229,46214,W. Coast,654.3954802259099,0.5086459448222761,10,20.497627,11.359914,8.868174
113,122,46214,46232,W. Coast,815.2098445642655,0.5023832623583314,17,23.032522,12.594075,9.831628
113,123,46214,46235,W. Coast,826.6066439270616,0.5295971189891294,17,23.893715,12.309872,9.609763
113,125,46214,46239,W. Coast,214.8838035441035,0.8874402379508298,6,6.4858036,11.789035,9.203169
113,126,46214,46240,W. Coast,201.2435193160598,0.7928362252698855,6,6.2075996,11.535503,9.005248
127,113,46243,46214,W. Coast,921.3097933518841,0.4792805525350339,13,28.77876,11.391265,8.892648
128,113,46244,46214,W. Coast,337.06581593245545,0.7401194920242766,4,10.632838,11.279864,8.805682
129,113,46248,46214,W. Coast,915.6921066066456,0.4963834516817646,14,28.675873,11.362429,8.870137
113,130,46214,46251,W. Coast,582.2022410248129,0.4457966204810129,11,16.971746,12.2063465,9.528945
113,131,46214,46253,W. Coast,680.3601937905156,0.4075594614214797,12,19.912077,12.157959,9.491172
113,132,46214,46254,W. Coast,795.9891693476684,0.42227828586932986,16,26.333244,10.75576,8.396539
113,133,46214,46256,W. Coast,669.1192792877877,0.30439581341759847,14,18.14899,13.118658,10.241146
113,134,46214,46258,W. Coast,791.0090684367055,0.49663250609650905,17,22.172548,12.694167,9.909765
113,135,46214,46259,W. Coast,394.3395820056218,0.7995709654071637,8,11.952776,11.73924,9.164296
113,136,46214,46266,W. Coast,788.0211424148393,0.4996957042851319,15,22.527922,12.446725,9.7165985
137,113,46267,46214,W. Coast,1137.2421261699164,0.27022490207949035,17,39.013157,10.372422,8.097283
113,138,46214,46268,W. Coast,619.1834942877487,0.35516231333080267,13,17.642555,12.488096,9.748895
113,139,46214,ljpc1,W. Coast,796.708775205017,0.4537160546749171,17,27.169699,10.434055,8.145397
114,115,46215,46218,W. Coast,83.9289120497344,0.8910984713274492,2,2.4603138,12.138344,9.475859
114,116,46215,46219,W. Coast,237.26719979107267,0.8115443721441311,5,6.9056787,12.225587,9.543965
114,117,46215,46221,W. Coast,252.20734271894636,0.5943761224220476,6,7.0839887,12.668297,9.889569
114,118,46215,46222,W. Coast,292.8435485636378,0.6251461911945951,7,8.632856,12.070342,9.422772
114,119,46215,46224,W. Coast,384.40462990799665,0.5379381419275507,9,10.5459175,12.970077,10.125155
114,120,46215,46225,W. Coast,407.145989098416,0.6452217865115449,10,11.267375,12.857774,10.037485
121,114,46229,46215,W. Coast,1003.6746132650493,0.4437328778748236,19,30.586802,11.6760845,9.114994
114,122,46215,46232,W. Coast,435.6121235492951,0.6734028417292363,10,12.055207,12.85771,10.037436
114,123,46215,46235,W. Coast,449.15493151232084,0.7025066284778392,11,12.696094,12.5882225,9.827059
124,114,46237,46215,W. Coast,328.20753260346453,0.827980969875899,7,9.3480215,12.493012,9.752732
125,114,46239,46215,W. Coast,169.55454778102603,0.8878706563576156,4,4.9968514,12.074005,9.425632
126,114,46240,46215,W. Coast,184.14027858139048,0.7972515947729221,3,5.5367894,11.833935,9.23822
127,114,46243,46215,W. Coast,1254.7032787470168,0.42733391951514793,21,38.178894,11.693811,9.128832
128,114,46244,46215,W. Coast,703.0148658791404,0.5921866366947133,13,21.598429,11.5819235,9.041487
129,114,46248,46215,W. Coast,1255.991138235194,0.4456209571433411,24,38.27699,11.675814,9.114782
114,130,46215,46251,W. Coast,198.80845122782733,0.6511864559036336,4,5.6688848,12.478878,9.741699
114,131,46215,46253,W. Coast,305.11615893643943,0.5658693937222641,7,8.732775,12.432295,9.705333
114,132,46215,46254,W. Coast,420.68535072356,0.5618703912463648,11,13.519203,11.072473,8.643782
114,133,46215,46256,W. Coast,295.5570568170648,0.4521084594857738,7,7.8693643,13.364111,10.432759
114,134,46215,46258,W. Coast,412.67170284253586,0.6610914682562143,10,11.336877,12.95238,10.1113405
114,136,46215,46266,W. Coast,413.6314492016155,0.6603454000002413,10,11.577926,12.712212,9.923852
137,114,46267,46215,W. Coast,1459.4605712877983,0.17522792602820983,27,48.43798,10.721231,8.369583
114,138,46215,46268,W. Coast,246.66360457920226,0.5231107916096297,6,6.882683,12.752216,9.955082
114,139,46215,ljpc1,W. Coast,421.4803849130142,0.5983850651921213,12,13.934359,10.762885,8.402101
115,116,46218,46219,W. Coast,159.13974203413778,0.8796153929254764,3,4.6446667,12.191647,9.51747
115,117,46218,46221,W. Coast,207.53136085999944,0.585468302493004,4,5.846931,12.629731,9.859463
115,118,46218,46222,W. Coast,245.5927199938126,0.6342407280571369,5,7.25944,12.037899,9.397447
115,119,46218,46224,W. Coast,336.82115277490703,0.5461208782853705,7,9.270296,12.92838,10.092605
115,120,46218,46225,W. Coast,356.11009220532657,0.6537080280051,8,9.886163,12.817251,10.005851
121,115,46229,46218,W. Coast,1085.8289415350578,0.44380957381692465,21,33.175488,11.6461525,9.091627
115,122,46218,46232,W. Coast,378.2536534839044,0.6882777164117416,8,10.501303,12.816761,10.005468
115,123,46218,46235,W. Coast,394.76410541735135,0.7116501505922879,9,11.193291,12.549262,9.796644
124,115,46237,46218,W. Coast,406.5856273568887,0.7673425794244696,9,11.615306,12.455459,9.723416
125,115,46239,46218,W. Coast,242.2727405347265,0.8648440041757427,5,7.1590776,12.041645,9.400371
126,115,46240,46218,W. Coast,262.3591241385648,0.8111405621934996,5,7.9090505,11.803483,9.214448
127,115,46243,46218,W. Coast,1338.096598433682,0.44256240564250454,23,40.817432,11.664877,9.106245
128,115,46244,46218,W. Coast,782.4895116540697,0.5742253284401968,15,24.097101,11.554525,9.020098
129,115,46248,46218,W. Coast,1339.0465981691377,0.4605160745777513,25,40.912136,11.646137,9.091616
115,130,46218,46251,W. Coast,135.2022919598521,0.6628176836939951,1,3.866535,12.442294,9.71314
115,131,46218,46253,W. Coast,258.49913278229616,0.58136299754533,5,7.4201155,12.396149,9.677115
115,132,46218,46254,W. Coast,369.74322886823046,0.604921070054177,9,11.905754,11.050493,8.626623
115,133,46218,46256,W. Coast,251.81028499136025,0.4212345465045759,5,6.727664,13.318261,10.396967
115,134,46218,46258,W. Coast,357.7790463847777,0.666676951973693,8,9.860514,12.910816,10.078894
115,136,46218,46266,W. Coast,363.99747370768097,0.6730532184825548,8,10.22001,12.673175,9.893377
115,138,46218,46268,W. Coast,207.98818650844777,0.47964889698247654,2,5.821521,12.712781,9.924296
115,139,46218,ljpc1,W. Coast,370.6115816002083,0.6352208892978446,10,12.274146,10.744001,8.387359
116,117,46219,46221,W. Coast,135.60977411793962,0.6696074056065038,1,3.7946286,12.71628,9.927028
116,118,46219,46222,W. Coast,152.58499936107896,0.7153004277572607,3,4.4780035,12.124554,9.465094
116,119,46219,46224,W. Coast,225.1264157667362,0.6120083400274682,4,6.154901,13.014987,10.160214
116,120,46219,46225,W. Coast,235.19092846991762,0.715798494463245,5,6.4854574,12.903821,10.073432
121,116,46229,46219,W. Coast,1240.187633965993,0.4027984984663372,23,37.59636,11.737617,9.16303
116,122,46219,46232,W. Coast,243.41537055036594,0.7604434375835353,6,6.712031,12.90424,10.073759
116,123,46219,46235,W. Coast,264.3871512823027,0.7768000052556351,7,7.443543,12.638601,9.866387
124,116,46237,46219,W. Coast,564.6996234039711,0.6866080846254905,12,16.018593,12.543867,9.792433
125,116,46239,46219,W. Coast,401.36229931978164,0.754542389873447,7,11.775697,12.127975,9.467765
126,116,46240,46219,W. Coast,420.34064480637875,0.7330928969377799,7,12.577802,11.891455,9.283124
127,116,46243,46219,W. Coast,1488.5088667167215,0.39629227534160216,25,45.066242,11.752721,9.174821
128,116,46244,46219,W. Coast,940.1182447985417,0.4909363397630035,17,28.735712,11.641231,9.087785
129,116,46248,46219,W. Coast,1490.8938758102615,0.40968706005386823,26,45.199577,11.736827,9.162413
116,131,46219,46253,W. Coast,163.34768036565046,0.6601205091157261,3,4.656313,12.4827175,9.744697
116,132,46219,46254,W. Coast,247.7843769434113,0.6892521544556316,7,7.9168854,11.136736,8.693949
116,133,46219,46256,W. Coast,165.39051594872106,0.47405864077350807,2,4.390151,13.405083,10.464745
116,134,46219,46258,W. Coast,229.03969205156983,0.7304098250318204,5,6.2703013,12.997525,10.146584
135,116,46259,46219,W. Coast,226.67165732120912,0.8440248859393812,4,6.6754622,12.082428,9.432208
116,136,46219,46266,W. Coast,245.1563073386461,0.738481599750092,6,6.836576,12.759768,9.960977
116,138,46219,46268,W. Coast,150.37675328262685,0.5581654287082835,0,4.18053,12.799344,9.991872
116,139,46219,ljpc1,W. Coast,248.72349476487827,0.7165571316850652,8,8.171372,10.830791,8.4551115
117,119,46221,46224,W. Coast,132.26729930703328,0.8450075977429568,3,3.498302,13.453446,10.502501
117,120,46221,46225,W. Coast,155.21019543039557,0.8435167116222081,4,4.139333,13.342226,10.415675
121,117,46229,46221,W. Coast,1214.393889133052,0.2385944164473752,26,35.412064,12.20244,9.525896
117,122,46221,46232,W. Coast,187.35992957190317,0.8511364323098225,4,4.9948587,13.347251,10.419599
117,123,46221,46235,W. Coast,198.30565574792874,0.8363248995907081,5,5.389983,13.091398,10.219866
124,117,46237,46221,W. Coast,565.8855219399285,0.5076824344938707,13,15.498463,12.992069,10.1423235
125,117,46239,46221,W. Coast,419.18195275550744,0.5227099626870458,7,11.869638,12.566184,9.8098545
126,117,46240,46221,W. Coast,427.2199252419141,0.49085953167981117,5,12.320672,12.3383045,9.631959
127,117,46243,46221,W. Coast,1450.1505047690446,0.2035091693120646,28,42.29833,12.199111,9.523297
128,117,46244,46221,W. Coast,930.7648203615992,0.3217695995640473,18,27.411978,12.081975,9.431854
129,117,46248,46221,W. Coast,1456.1328073323355,0.21086874602499506,26,42.47769,12.197714,9.522206
130,117,46251,46221,W. Coast,85.96161399344965,0.8400014400136627,3,2.3588362,12.967168,10.122885
117,132,46221,46254,W. Coast,168.66675798524997,0.7918103949381922,5,5.184626,11.575784,9.036694
117,134,46221,46258,W. Coast,162.68041887245602,0.8522885249447402,4,4.308108,13.436528,10.489293
135,117,46259,46221,W. Coast,280.76692152831794,0.5347318400130374,5,7.9773226,12.5235405,9.776565
117,136,46221,46266,W. Coast,161.44292142026532,0.8359596674055787,5,4.3524475,13.198478,10.303457
117,139,46221,ljpc1,W. Coast,169.44336842701793,0.7928831174241366,6,5.348378,11.273033,8.80035
118,119,46222,46224,W. Coast,91.98049565425572,0.825476547361406,3,2.5441773,12.864316,10.042593
118,120,46222,46225,W. Coast,114.44102803951246,0.8510408856723338,3,3.1931317,12.752733,9.955485
121,118,46229,46222,W. Coast,1251.5061103748458,0.25389473634448295,26,38.480568,11.572571,9.034185
118,122,46222,46232,W. Coast,147.45085106365983,0.8693558528628416,3,4.114549,12.75156,9.95457
118,123,46222,46235,W. Coast,157.6490726953036,0.8755764945390457,4,4.494321,12.48147,9.743722
124,118,46237,46222,W. Coast,606.1253134965693,0.5317350125643701,14,17.41009,12.387959,9.670722
125,118,46239,46222,W. Coast,459.9560989584142,0.5600967400396589,8,13.668405,11.973935,9.347512
126,118,46240,46222,W. Coast,467.85644331415847,0.5410702615608349,7,14.188163,11.733424,9.159757
127,118,46243,46222,W. Coast,1485.2811055449306,0.23248580750237507,28,45.58294,11.594303,9.051151
128,118,46244,46222,W. Coast,969.8680742401818,0.34402144373147825,16,30.049913,11.4843855,8.965343
129,118,46248,46222,W. Coast,1491.816731839449,0.2334399341289463,27,45.867073,11.573182,9.034662
130,118,46251,46222,W. Coast,117.01575935770381,0.8080007373479056,4,3.3643,12.376219,9.661557
118,132,46222,46254,W. Coast,127.91299837958476,0.8273511795614266,4,4.1458073,10.978524,8.570439
118,134,46222,46258,W. Coast,122.31712761598172,0.8622949601300893,3,3.3879535,12.846599,10.028762
135,118,46259,46222,W. Coast,319.3816946014806,0.5832065500127753,6,9.52819,11.927185,9.311017
118,136,46222,46266,W. Coast,120.79898250374474,0.8529454805660396,3,3.4092197,12.608013,9.842508
118,139,46222,ljpc1,W. Coast,128.6944915707621,0.8333416725762275,4,4.2916565,10.670219,8.329761
121,119,46229,46224,W. Coast,1328.1185027833112,0.19550600208797206,30,37.747158,12.519613,9.773499
124,119,46237,46224,W. Coast,693.4515344585501,0.4433659592981666,16,18.556183,13.297372,10.38066
125,119,46239,46224,W. Coast,550.5885458558114,0.4832840667512515,10,15.228498,12.864961,10.043096
126,119,46240,46224,W. Coast,557.1582382273916,0.46837204502569635,8,15.680594,12.643124,9.869918
128,119,46244,46224,W. Coast,1052.8019734950835,0.2884749151728782,19,30.252848,12.382798,9.666694
130,119,46251,46224,W. Coast,204.9468362732803,0.7298726401269271,7,5.497252,13.265815,10.356025
133,119,46256,46224,W. Coast,89.13249179125695,0.711569990594185,3,2.2425594,14.142636,11.040521
135,119,46259,46224,W. Coast,410.8489182862121,0.5069011740441298,7,11.399506,12.824324,10.011373
138,119,46268,46224,W. Coast,138.92344412605337,0.804404019623927,3,3.6518312,13.536401,10.567259
121,120,46229,46225,W. Coast,1355.971356659418,0.2787025366839032,30,38.90527,12.401678,9.681432
124,120,46237,46225,W. Coast,719.0951436427296,0.5602973731261853,17,19.408298,13.183697,10.29192
125,120,46239,46225,W. Coast,574.3785052438056,0.5891992600287165,12,16.024963,12.753797,9.956315
126,120,46240,46225,W. Coast,581.8658705650597,0.5625194049736207,10,16.524132,12.529756,9.781417
128,120,46244,46225,W. Coast,1079.7344194963016,0.3772023783943704,22,31.309534,12.270965,9.57939
130,120,46251,46225,W. Coast,222.2906650471929,0.7735925986858868,7,6.0128617,13.154621,10.269221
131,120,46253,46225,W. Coast,102.57553802797418,0.8517509064339327,3,2.7841961,13.1093855,10.233907
133,120,46256,46225,W. Coast,113.7471342319454,0.6694354585429628,3,2.8845642,14.031324,10.953623
135,120,46259,46225,W. Coast,430.3513747397434,0.6108086003390708,9,12.045733,12.712421,9.924016
138,120,46268,46225,W. Coast,163.65308987829394,0.7758548506029804,4,4.337525,13.425194,10.480445
121,122,46229,46232,W. Coast,1396.6434027178425,0.28878671329133976,29,40.08888,12.396524,9.677409
121,123,46229,46235,W. Coast,1401.3326931834513,0.30396585958879774,28,41.202145,12.102075,9.447545
121,124,46229,46237,W. Coast,684.5917657736894,0.5287626867312694,11,20.287552,12.007162,9.373451
121,125,46229,46239,W. Coast,851.7447790435164,0.4953787269442194,16,26.175753,11.578402,9.038737
121,126,46229,46240,W. Coast,825.5476410123579,0.4492832608183709,16,25.960081,11.315518,8.833516
127,121,46243,46229,W. Coast,273.6483279937431,0.8200059882353121,1,8.718225,11.168712,8.71891
121,128,46229,46244,W. Coast,320.1814790036102,0.7417228230770956,5,10.302719,11.058155,8.632605
129,121,46248,46229,W. Coast,262.6288117834749,0.8529554439543898,2,8.395041,11.131607,8.689945
121,130,46229,46251,W. Coast,1192.6563994092344,0.2640621183307395,25,35.35435,12.00358,9.370655
121,131,46229,46253,W. Coast,1260.3173261132708,0.23181583915767004,28,37.515015,11.953998,9.331948
121,132,46229,46254,W. Coast,1367.4572045105858,0.23103483018351934,31,46.231,10.524921,8.216332
121,133,46229,46256,W. Coast,1247.0156665707798,0.17977196076280438,28,34.309227,12.9330015,10.096212
121,134,46229,46258,W. Coast,1370.173191772225,0.29253423507054277,28,39.002193,12.500425,9.75852
121,135,46229,46259,W. Coast,1034.3697311288513,0.43249057827230675,19,31.932222,11.526169,8.997962
121,136,46229,46266,W. Coast,1358.0438157714987,0.27736966102955357,28,39.45235,12.248397,9.561772
137,121,46267,46229,W. Coast,494.60284149496545,0.31988399965963266,2,17.393078,10.118555,7.899101
121,138,46229,46268,W. Coast,1200.1638925883115,0.1869347851212037,24,34.745934,12.290651,9.594759
121,139,46229,ljpc1,W. Coast,1367.959141778207,0.2615934988175272,32,47.74354,10.195226,7.958954
124,122,46237,46232,W. Coast,753.2296960388271,0.5853922558444701,17,20.324295,13.18713,10.2946
125,122,46239,46232,W. Coast,604.4276383699295,0.6131064809153,12,16.864853,12.75264,9.955412
126,122,46240,46232,W. Coast,613.9705982944502,0.5809003298985972,11,17.44084,12.526177,9.778623
128,122,46244,46232,W. Coast,1117.1694368782787,0.3958680222908761,21,32.411594,12.264701,9.5745
130,122,46251,46232,W. Coast,243.05169975699258,0.8065557718042912,7,6.5729127,13.157676,10.271605
131,122,46253,46232,W. Coast,137.27475241821688,0.8545042870129778,3,3.7252996,13.111966,10.235922
133,122,46256,46232,W. Coast,150.0909851806864,0.6881193372426219,4,3.8028982,14.043593,10.9632015
135,122,46259,46232,W. Coast,452.3114611364302,0.6406444059212241,10,12.662003,12.710819,9.922765
138,122,46268,46232,W. Coast,198.73221080380083,0.7734930503764051,4,5.2649636,13.431089,10.485046
124,123,46237,46235,W. Coast,763.4557694472537,0.611536418890752,17,21.02327,12.921769,10.087443
125,123,46239,46235,W. Coast,617.1966078997384,0.6410962734229492,13,17.592249,12.48362,9.7454
126,123,46240,46235,W. Coast,625.5028860570119,0.601290635866679,11,18.174255,12.246473,9.56027
128,123,46244,46235,W. Coast,1124.9125687944838,0.4203872916603354,21,33.403397,11.9830265,9.3546095
130,123,46251,46235,W. Coast,259.81244581709586,0.7969583485396504,8,7.1678324,12.897646,10.068612
131,123,46253,46235,W. Coast,146.362602047594,0.8351688377856744,4,4.0527153,12.850571,10.031862
133,123,46256,46235,W. Coast,158.18032747308754,0.6409716712045176,5,4.077686,13.803114,10.77547
135,123,46259,46235,W. Coast,468.993982688887,0.6628465463923686,10,13.415898,12.439011,9.710576
138,123,46268,46235,W. Coast,207.88115067899585,0.7572781420853973,5,5.613481,13.177142,10.286802
124,125,46237,46239,W. Coast,167.3740582043936,0.8573221856194421,3,4.8066173,12.390446,9.672664
124,126,46237,46240,W. Coast,144.35993528671446,0.732787087299146,4,4.2264085,12.153841,9.487957
127,124,46243,46237,W. Coast,945.0974579383462,0.4952769646475647,14,27.99698,12.01168,9.376978
128,124,46244,46237,W. Coast,376.02933869410293,0.6624492105962175,6,11.24915,11.8943405,9.285377
129,124,46248,46237,W. Coast,942.5403127963922,0.5098399371536706,15,27.939053,12.004018,9.370996
124,130,46237,46251,W. Coast,525.6191986877388,0.5509486378441188,12,14.611334,12.800287,9.992608
124,131,46237,46253,W. Coast,617.1136870408984,0.47218116625097095,15,17.217583,12.753558,9.956129
124,132,46237,46254,W. Coast,732.0741785049349,0.45344187536955216,19,22.895164,11.377574,8.88196
124,133,46237,46256,W. Coast,605.3842202222648,0.4136476805964134,12,15.727453,13.696546,10.692277
124,134,46237,46258,W. Coast,728.4396265113897,0.5751817712352242,17,19.51811,13.279879,10.367004
124,135,46237,46259,W. Coast,350.4431636184639,0.7783421224630593,6,10.100475,12.3456545,9.637697
124,136,46237,46266,W. Coast,723.8082616357351,0.5743432284156439,17,19.755886,13.036632,10.177112
137,124,46267,46237,W. Coast,1157.1818515129487,0.17723537096070052,16,37.292736,11.041186,8.619357
124,138,46237,46268,W. Coast,555.5802183067996,0.4564372650945244,14,15.117439,13.076962,10.208596
124,139,46237,ljpc1,W. Coast,732.7615612094967,0.4987962535329176,20,23.56078,11.066527,8.63914
127,125,46243,46239,W. Coast,1110.6103920908513,0.4715316138367391,19,34.068172,11.599819,9.055457
128,125,46244,46239,W. Coast,542.6829935456846,0.6840417328340941,11,16.805645,11.490248,8.969919
129,125,46248,46239,W. Coast,1108.908573484248,0.49585614980534876,20,34.07725,11.57896,9.039173
125,130,46239,46251,W. Coast,368.09615386530373,0.5582562280604866,7,10.580952,12.378696,9.663491
125,131,46239,46253,W. Coast,471.86452620049903,0.509334759587331,8,13.614641,12.332454,9.627392
125,132,46239,46254,W. Coast,587.7960396900347,0.5110828886167343,13,19.037712,10.98627,8.576487
125,133,46239,46256,W. Coast,461.45655958961856,0.40015628554752297,8,12.387753,13.254905,10.347508
125,134,46239,46258,W. Coast,581.0031391225534,0.6078555743974211,12,16.091799,12.84731,10.029317
125,135,46239,46259,W. Coast,183.12319801328053,0.887106176762109,3,5.4612384,11.931376,9.314289
125,136,46239,46266,W. Coast,580.329794867813,0.6018555228957028,12,16.376127,12.609621,9.843763
137,125,46267,46239,W. Coast,1320.9580276831796,0.22993653943308134,18,44.203136,10.6334505,8.301057
125,138,46239,46268,W. Coast,411.75578929100476,0.4520411631829739,7,11.582774,12.64927,9.874716
125,139,46239,ljpc1,W. Coast,588.560670394566,0.5460692968599954,14,19.610613,10.6791935,8.336766
127,126,46243,46240,W. Coast,1082.1009594193188,0.43507539740087586,20,33.930214,11.348007,8.858878
128,126,46244,46240,W. Coast,520.1310020162574,0.6194826212556501,10,16.466652,11.239468,8.774147
129,126,46248,46240,W. Coast,1081.2578941331114,0.45957728939317766,21,33.992573,11.318362,8.835736
126,130,46240,46251,W. Coast,382.3402416419831,0.5448057823203173,3,11.199915,12.147128,9.482717
126,131,46240,46253,W. Coast,479.34762391574435,0.4955864795999583,7,14.096643,12.09966,9.445661
126,132,46240,46254,W. Coast,595.106000356988,0.5439999244704574,11,19.741583,10.72632,8.373555
126,133,46240,46256,W. Coast,468.2697990734591,0.3181309632115933,2,12.777235,13.040602,10.180211
126,134,46240,46258,W. Coast,589.8194263288837,0.5681998142020632,10,16.62385,12.624839,9.855643
126,135,46240,46259,W. Coast,209.33033127840864,0.8195566271207776,3,6.3720875,11.689306,9.125316
126,136,46240,46266,W. Coast,587.2525015144868,0.580091501182617,11,16.875397,12.382525,9.66648
137,126,46267,46240,W. Coast,1291.161740385597,0.2553710270469775,22,44.39137,10.349526,8.07941
126,138,46240,46268,W. Coast,418.3386737152869,0.3994439804379796,1,11.982219,12.423077,9.698136
126,139,46240,ljpc1,W. Coast,595.8361788277125,0.5785574036888947,12,20.3643,10.411079,8.127461
127,128,46243,46244,W. Coast,591.7328634673931,0.6059377912806513,8,18.968054,11.100469,8.665636
127,130,46243,46251,W. Coast,1436.8548928510143,0.24794188664077113,25,42.577053,12.008138,9.374213
127,131,46243,46253,W. Coast,1493.0461342717872,0.2048515328666361,29,44.418217,11.960531,9.337049
127,133,46243,46256,W. Coast,1479.3909571352187,0.13472588210178543,28,40.80459,12.900672,10.070974
127,135,46243,46259,W. Coast,1291.3841405851103,0.423831557899726,22,39.784935,11.549818,9.016423
127,137,46243,46267,W. Coast,221.13814234762054,0.37060393741034175,1,7.7120366,10.203118,7.9651155
127,138,46243,46268,W. Coast,1434.6701624111106,0.1503268370291894,31,41.55821,12.283824,9.589429
129,128,46248,46244,W. Coast,582.7705199285887,0.6519865034671548,10,18.743773,11.063153,8.636506
128,130,46244,46251,W. Coast,898.2988299377864,0.32868374976545334,16,26.87524,11.893422,9.284659
128,131,46244,46253,W. Coast,979.9103530951473,0.31292033460301616,18,29.43359,11.846266,9.247847
128,132,46244,46254,W. Coast,1092.1059431771382,0.3106543002978842,21,37.040737,10.49116,8.189977
128,133,46244,46256,W. Coast,967.309329181506,0.249592508348902,17,26.943554,12.774645,9.97259
128,134,46244,46258,W. Coast,1091.4379437187315,0.3974157032012637,21,31.409664,12.364431,9.652355
128,135,46244,46259,W. Coast,725.6849120420352,0.572246641434923,13,22.571217,11.440144,8.930805
128,136,46244,46266,W. Coast,1083.2182237973993,0.384080204415585,20,31.787348,12.12551,9.46584
137,128,46267,46244,W. Coast,811.1595579150255,0.3019771285289532,10,28.563093,10.105072,7.888575
128,138,46244,46268,W. Coast,918.4602619403763,0.2774025442299231,18,26.863575,12.165639,9.497167
128,139,46244,ljpc1,W. Coast,1092.710130056308,0.34153923486595283,23,38.19991,10.178434,7.945846
129,130,46248,46251,W. Coast,1440.4667641832684,0.2502183029816814,26,42.711117,12.000538,9.368279
129,131,46248,46253,W. Coast,1499.8575857831026,0.20559404162427378,28,44.655052,11.951372,9.329899
129,133,46248,46256,W. Coast,1486.2773938740174,0.1417674055503504,27,40.926613,12.922078,10.087686
129,135,46248,46259,W. Coast,1290.5701405680784,0.4444413220507631,23,39.83795,11.527178,8.998749
129,137,46248,46267,W. Coast,239.86716948437103,0.40873316058228115,2,8.423614,10.132363,7.90988
129,138,46248,46268,W. Coast,1440.961834200369,0.15033856311911908,26,41.735863,12.285178,9.590486
130,131,46251,46253,W. Coast,129.76676068991236,0.7643719287367273,5,3.6261191,12.73385,9.940743
130,132,46251,46254,W. Coast,235.85239087522982,0.7311088898299829,10,7.369398,11.387978,8.890081
130,133,46251,46256,W. Coast,126.36389017742165,0.6149007535267736,3,3.2925363,13.656228,10.660803
130,134,46251,46258,W. Coast,222.83492399452976,0.7830085905885535,6,5.984798,13.248665,10.342636
135,130,46259,46251,W. Coast,209.30064752375796,0.6065706577490034,3,6.0377674,12.334812,9.629232
130,136,46251,46266,W. Coast,230.69628096456,0.7759848256299509,8,6.3092346,13.010749,10.156906
130,138,46251,46268,W. Coast,95.34256580436572,0.7573980959431228,2,2.599607,13.05021,10.187712
130,139,46251,ljpc1,W. Coast,236.7420200817633,0.7450826657825818,10,7.600149,11.083874,8.652681
131,132,46253,46254,W. Coast,115.93915877385476,0.8203917719883488,4,3.6378326,11.340332,8.852887
131,134,46253,46258,W. Coast,111.63621620088594,0.8566973426328135,2,3.0085325,13.20349,10.307371
135,131,46259,46253,W. Coast,332.2563973312574,0.53570407760422,6,9.621069,12.288204,9.592848
131,136,46253,46266,W. Coast,108.56211102140061,0.8250934715521345,3,2.9794378,12.965291,10.12142
131,139,46253,ljpc1,W. Coast,116.69917770622212,0.8139466507172409,4,3.762835,11.035474,8.614898
133,132,46256,46254,W. Coast,126.87063818436708,0.4703590966056797,5,3.6804907,12.26574,9.575312
135,132,46259,46254,W. Coast,443.98737189254786,0.5575504503854797,10,14.450091,10.932977,8.534883
138,132,46268,46254,W. Coast,176.80567539629433,0.6823588475815838,6,5.3959103,11.659228,9.101835
133,134,46256,46258,W. Coast,124.1353912193212,0.7038506178562832,3,3.1267786,14.126573,11.02798
135,133,46259,46256,W. Coast,325.1415068584479,0.39547768087825713,7,8.753538,13.2168255,10.3177805
133,136,46256,46266,W. Coast,119.00893362598303,0.5906346223366229,4,3.0491364,13.888043,10.841771
133,139,46256,ljpc1,W. Coast,127.58955199816403,0.4727565793578995,6,3.7934327,11.967987,9.342869
135,134,46259,46258,W. Coast,432.00817445543817,0.6214118606495603,10,12.003274,12.806505,9.997462
138,134,46268,46258,W. Coast,173.25193230736133,0.7850050437959463,4,4.559875,13.519589,10.554135
135,136,46259,46266,W. Coast,438.1891940644096,0.6246818986694916,10,12.406799,12.567251,9.810687
137,135,46267,46259,W. Coast,1499.8476961125937,0.21260110722666956,26,50.46997,10.574321,8.254896
135,138,46259,46268,W. Coast,280.03163432983143,0.44471710909945067,3,7.903643,12.607185,9.841862
135,139,46259,ljpc1,W. Coast,444.85403883905616,0.5885367015381129,11,14.900163,10.623432,8.293236
138,136,46268,46266,W. Coast,168.92030806076988,0.7537392465425962,5,4.5255575,13.281531,10.368294
138,139,46268,ljpc1,W. Coast,177.52611866946302,0.6794886904792308,6,5.562005,11.357146,8.866014
